filename,width,height,class,xmin,ymin,xmax,ymax
stage0-5-_png.rf.715e3bf4e8b460dfb2aa95ffffdf2528.jpg,640.0,480.0,Stage0,194.0,124.0,419.0,321.0
stage0-55-_jpg.rf.d8c2211a295f871919b4b06bfaa9053f.jpg,640.0,480.0,Stage0,185.0,161.0,414.0,332.0
stage0-23-_png.rf.2b9b15563446b10d354470f892276a05.jpg,640.0,480.0,Stage0,194.0,150.0,480.0,314.0
stage0-51-_jpg.rf.12d0edc67441447ec9a07ef71b96d683.jpg,640.0,480.0,Stage0,168.0,168.0,420.0,325.0
stage0-4-_png.rf.d59e6269d671b5836a48a8256c5f66f6.jpg,640.0,480.0,Stage0,181.0,127.0,408.0,371.0
stage0-10-_png.rf.602f6f66b3d13c1324b9fc249391615b.jpg,640.0,480.0,Stage0,179.0,142.0,421.0,294.0
iris-stage-0-49-_png.rf.62f59343a0d61d57bd6b5b3061fb53b4.jpg,1705.0,958.0,Stage0,506.0,229.0,887.0,816.0
iris-stage-0-51-_png.rf.74d018472a42292571ca0e08d590051f.jpg,1705.0,958.0,Stage0,917.0,197.0,1361.0,587.0
stage0-47-_jpg.rf.2632fa9c367cd31d892f30cd50e55e69.jpg,640.0,480.0,Stage0,119.0,133.0,329.0,261.0
stage0-28-_png.rf.ff38f81bd22d95a9ccd8e1279ad519e3.jpg,640.0,480.0,Stage0,210.0,139.0,444.0,280.0
iris-stage-0-42-_png.rf.f508be654b265972e7024185f7f07468.jpg,1705.0,958.0,Stage0,620.0,276.0,1221.0,644.0
iris-stage-0-46-_png.rf.70735790285291a3c74bce08b10bd77a.jpg,1705.0,958.0,Stage0,489.0,216.0,1090.0,791.0
stage0-30-_jpg.rf.1c443362a15c265924865665b5b97bf5.jpg,640.0,480.0,Stage0,104.0,133.0,299.0,236.0
stage0-24-_png.rf.46f828249031139ce8d296fe9d3db237.jpg,640.0,480.0,Stage0,164.0,157.0,419.0,316.0
stage0-15-_jpg.rf.1fc69551327f89bd34b13043d3032464.jpg,640.0,480.0,Stage0,188.0,128.0,469.0,324.0
iris-stage-0-12-_png.rf.044b5108b7734bb660884c3901f4dde7.jpg,1705.0,958.0,Stage0,423.0,173.0,1179.0,710.0
iris-stage-0-27-_png.rf.ffda8fc69038621302d727167ae95bb0.jpg,1705.0,958.0,Stage0,256.0,261.0,776.0,686.0
stage0-22-_jpg.rf.f88fdbe8ee1375646094984b1f698cc2.jpg,640.0,480.0,Stage0,99.0,176.0,326.0,313.0
stage0-34-_jpg.rf.ad30ec2ab0892912cf331488c0d979bc.jpg,640.0,480.0,Stage0,205.0,143.0,406.0,288.0
iris-stage-0-13-_png.rf.07de134ddd15dc12e99ec90bf4e29989.jpg,1705.0,958.0,Stage0,659.0,217.0,1039.0,557.0
iris-stage-0-36-_png.rf.f4d9ce0296538050bdaeffd569068b17.jpg,1705.0,958.0,Stage0,264.0,247.0,740.0,673.0
iris-stage-0-62-_png.rf.5b0527eac991cc28866790613a6f0645.jpg,1705.0,958.0,Stage0,490.0,181.0,1303.0,643.0
stage0-20-_png.rf.235ff0f77b8463bc3020c1c818b52a0a.jpg,640.0,480.0,Stage0,189.0,145.0,465.0,304.0
stage0-4-_jpg.rf.3b52d734c052ab9f7dc967b802f1fd79.jpg,640.0,480.0,Stage0,97.0,119.0,293.0,302.0
iris-stage-0-5-_png.rf.9f49be446e56110d4cb899f095ae7d07.jpg,1705.0,958.0,Stage0,557.0,240.0,1084.0,614.0
iris-stage-0-23-_png.rf.c550ce8c3a88808b0fdbc3c8ed193488.jpg,1705.0,958.0,Stage0,636.0,191.0,1094.0,573.0
stage0-41-_jpg.rf.fa54e7545a27a2dd3d5dae3cd1a535af.jpg,640.0,480.0,Stage0,337.0,197.0,555.0,334.0
stage0-16-_png.rf.06aafaee84b588f845cd81faa6866dd3.jpg,640.0,480.0,Stage0,193.0,131.0,413.0,319.0
iris-stage-0-43-_png.rf.737cb45a377bb69ab82fcc4fe673da33.jpg,1705.0,958.0,Stage0,634.0,276.0,1123.0,786.0
stage0-40-_jpg.rf.4534bf326f8a20601309d47967b68ff9.jpg,640.0,480.0,Stage0,217.0,183.0,409.0,318.0
stage0-19-_png.rf.2acf00623b6dba95ca4f7256c814b75e.jpg,640.0,480.0,Stage0,211.0,137.0,448.0,269.0
iris-stage-0-21-_png.rf.0b417f5ce16d603807ed7e2f76196bfd.jpg,1705.0,958.0,Stage0,266.0,263.0,787.0,576.0
iris-stage-0-40-_png.rf.f2c2d40cf1d861940d5503ca40ecbfbd.jpg,1705.0,958.0,Stage0,877.0,253.0,1283.0,539.0
iris-stage-0-29-_png.rf.723f2534b50faa6f00b1362f6aab3d6a.jpg,1705.0,958.0,Stage0,893.0,213.0,1369.0,593.0
iris-stage-0-31-_png.rf.6f6a145dd94774b14d1d922b65f32bfa.jpg,1705.0,958.0,Stage0,539.0,159.0,1099.0,533.0
iris-stage-0-17-_png.rf.d1f58f0bacdb0c9247d05ba28dbb29ec.jpg,1705.0,958.0,Stage0,499.0,197.0,1017.0,631.0
stage0-52-_jpg.rf.fa762e95c99b9425c6d19d14b426311f.jpg,640.0,480.0,Stage0,186.0,143.0,426.0,296.0
iris-stage-0-73-_png.rf.499462ad92761632b958b0d076ccc2ec.jpg,1708.0,958.0,Stage0,531.0,174.0,1154.0,596.0
iris-stage-0-44-_png.rf.4cfe3d0226df0de99b787d3c612acd9b.jpg,1705.0,958.0,Stage0,417.0,191.0,1183.0,826.0
iris-stage-0-57-_png.rf.e44203bb07ca5e905e328acc76c9a0b7.jpg,1705.0,958.0,Stage0,474.0,221.0,981.0,670.0
iris-stage-0-71-_png.rf.a94e03840c3856b4c6e660dc5de15f15.jpg,1705.0,958.0,Stage0,259.0,169.0,844.0,580.0
iris-stage-0-1-_png.rf.f56ee2ad4c04029196c813bedd63dfcd.jpg,1705.0,958.0,Stage0,526.0,280.0,1134.0,770.0
iris-stage-0-19-_png.rf.c178c320f8a94a6334377d37fa6895b4.jpg,1705.0,958.0,Stage0,566.0,183.0,1111.0,470.0
iris-stage-0-52-_png.rf.a64d7c25802f73f5bf39ac1d54b5a0a8.jpg,1705.0,958.0,Stage0,567.0,313.0,1049.0,717.0
stage0-5-_jpg.rf.e6a0fe879591a815587534a90de7cb86.jpg,640.0,480.0,Stage0,204.0,116.0,452.0,296.0
stage0-56-_jpg.rf.c007777f4245e21b104221fdafd0d762.jpg,640.0,480.0,Stage0,196.0,183.0,469.0,334.0
stage0-23-_jpg.rf.5e44f97893f9e26d97b1ec895e651bab.jpg,640.0,480.0,Stage0,198.0,137.0,406.0,296.0
stage0-15-_png.rf.cff700c27ef8776fbee03d02baf5ddba.jpg,640.0,480.0,Stage0,163.0,153.0,460.0,314.0
iris-stage-0-34-_png.rf.b02474f974d48656727287c990f2feed.jpg,1705.0,958.0,Stage0,263.0,201.0,770.0,680.0
stage0-12-_png.rf.c41d85e2e55150086f2b52549b5c77f5.jpg,640.0,480.0,Stage0,200.0,133.0,414.0,258.0
stage0-43-_jpg.rf.8318276108a55625b7585a3ea5c7b471.jpg,640.0,480.0,Stage0,98.0,143.0,309.0,333.0
stage0-49-_jpg.rf.220a3b85c710856cf088eb6adbbd4bf5.jpg,640.0,480.0,Stage0,224.0,168.0,433.0,311.0
iris-stage-0-22-_png.rf.f9e85d651b708ce6be0a00502427abd5.jpg,1705.0,958.0,Stage0,494.0,226.0,1159.0,714.0
stage0-27-_jpg.rf.7f3bb3e6c995f92bda722cff481c4e6c.jpg,1024.0,768.0,Stage0,244.0,199.0,710.0,549.0
iris-stage-0-30-_png.rf.d86cdd47b26a3a517877fff07f0ea6a4.jpg,1705.0,958.0,Stage0,499.0,161.0,1094.0,546.0
iris-stage-0-11-_png.rf.a20ac8169beefb9f23f6bcc6a3c9cd06.jpg,1705.0,958.0,Stage0,463.0,186.0,1159.0,689.0
stage0-37-_jpg.rf.26c42f0b2efcf3311502850559f68a4c.jpg,640.0,480.0,Stage0,184.0,196.0,412.0,347.0
stage0-18-_png.rf.46f7f2ca10daf6dcfd9c93bc288827c8.jpg,640.0,480.0,Stage0,214.0,139.0,444.0,270.0
stage0-14-_jpg.rf.4cbe006374e9d88b46293df46c45e3dd.jpg,640.0,480.0,Stage0,188.0,129.0,464.0,309.0
iris-stage-0-7-_png.rf.e1ffeddf76282fb7bab809d07f19fbb2.jpg,1705.0,958.0,Stage0,461.0,210.0,1020.0,643.0
iris-stage-0-60-_png.rf.94ae6c2159a5f986187acc1005a264bc.jpg,1705.0,958.0,Stage0,527.0,244.0,1146.0,619.0
stage0-29-_jpg.rf.209fa29c1cc31b04a5ba266564ed9fe9.jpg,640.0,480.0,Stage0,146.0,151.0,428.0,297.0
stage0-25-_png.rf.cc035aff9760c52b1eb35d1b3d0cee13.jpg,640.0,480.0,Stage0,214.0,191.0,411.0,322.0
iris-stage-0-47-_png.rf.5c48378f5efd05e505f330215fdb37f9.jpg,1705.0,958.0,Stage0,513.0,244.0,1127.0,789.0
iris-stage-0-69-_png.rf.f103d84ac5fef5dc93260fd80a3cbb99.jpg,1705.0,958.0,Stage0,520.0,177.0,1101.0,604.0
iris-stage-0-56-_png.rf.88e995659d0f24acc46e5aab4aac4ff9.jpg,1705.0,958.0,Stage0,261.0,247.0,671.0,540.0
stage0-13-_jpg.rf.b07b94e69aa4aaacb55255fc3ddd440b.jpg,640.0,480.0,Stage0,194.0,127.0,426.0,319.0
stage0-11-_jpg.rf.38c35f9217f238cc6bf43d6d08a9f4bb.jpg,640.0,480.0,Stage0,202.0,152.0,464.0,329.0
iris-stage-0-37-_png.rf.4ffad79f7aec3e3ad166a3bed34a6191.jpg,1705.0,958.0,Stage0,500.0,207.0,1143.0,613.0
iris-stage-0-2-_png.rf.da8bb86d88a6bc59bb52eb3a50a2d971.jpg,1705.0,958.0,Stage0,860.0,283.0,1427.0,684.0
stage0-25-_jpg.rf.41fc901e1fcc9ac2935c0d4c702dec49.jpg,1024.0,768.0,Stage0,209.0,187.0,766.0,520.0
stage0-54-_jpg.rf.52459e549a7a5a49c5b0b6e75d9e6c6f.jpg,640.0,480.0,Stage0,210.0,158.0,439.0,312.0
,,,,,,,
stage0-6-_png.rf.92e05d11df554dca4543b08fa6ad8746.jpg,640.0,480.0,Stage0,209.0,148.0,509.0,378.0
iris-stage-0-25-_png.rf.ce85c39c568bc15f6ba71e9e12eb759a.jpg,1705.0,958.0,Stage0,566.0,193.0,1134.0,571.0
iris-stage-0-9-_png.rf.c595ba193dac29b77b1678fb78bcc717.jpg,1705.0,958.0,Stage0,614.0,290.0,1033.0,656.0
stage0-21-_png.rf.94d7611c4363f55c275f296340aa49b5.jpg,640.0,480.0,Stage0,184.0,135.0,474.0,308.0
stage0-1-_png.rf.a7deea15f9b4bb8d138ba99384d5e709.jpg,640.0,480.0,Stage0,146.0,131.0,454.0,319.0
stage0-16-_jpg.rf.e4a7761d250703a0e24343e254464de9.jpg,640.0,480.0,Stage0,168.0,144.0,421.0,289.0
stage0-35-_jpg.rf.edd8e9090a0c5ca767efa9d370d4ca9d.jpg,640.0,480.0,Stage0,227.0,148.0,419.0,269.0
iris-stage-0-8-_png.rf.c1c7b4bc9cea74619aa926065730f6d5.jpg,1705.0,958.0,Stage0,904.0,271.0,1346.0,623.0
iris-stage-0-50-_png.rf.7e84641c4ddfe622175e6c72339a38ac.jpg,1705.0,958.0,Stage0,527.0,233.0,1050.0,681.0
stage0-7-_png.rf.f61098d291527ff5bbf6eb4f33f57825.jpg,640.0,480.0,Stage0,203.0,146.0,451.0,320.0
stage0-17-_jpg.rf.b8cfa46f5df96e4f1647445656a7b355.jpg,640.0,480.0,Stage0,226.0,132.0,447.0,260.0
stage0-36-_jpg.rf.823adc4a992c5647f792a79d9e369af4.jpg,640.0,480.0,Stage0,220.0,166.0,431.0,311.0
stage0-9-_jpg.rf.bc4f38f89d0060ab8632db4e85e4853d.jpg,640.0,480.0,Stage0,218.0,171.0,479.0,361.0
stage0-26-_png.rf.422922a33260c6038de4379ae1b22d1c.jpg,640.0,480.0,Stage0,227.0,192.0,409.0,321.0
stage0-9-_png.rf.1991f970bb6aa75f9e0ee0954bcf4edf.jpg,640.0,480.0,Stage0,172.0,143.0,411.0,296.0
iris-stage-0-70-_png.rf.0cc19082c5875e1dbde2d1355b7d19a3.jpg,1705.0,958.0,Stage0,460.0,184.0,1116.0,644.0
stage0-2-_jpg.rf.a924fabfde585ef74c74354d6322599b.jpg,640.0,480.0,Stage0,124.0,136.0,465.0,352.0
stage0-11-_png.rf.01c999c1844237b919ee4d7744aa4a9f.jpg,640.0,480.0,Stage0,193.0,131.0,419.0,254.0
stage0-7-_jpg.rf.7447eefa3315cf5a802ae40dc607ca07.jpg,640.0,480.0,Stage0,219.0,139.0,421.0,298.0
stage0-44-_jpg.rf.2b3d3ca21ec7c5cf11bad19f7137157a.jpg,640.0,480.0,Stage0,191.0,144.0,442.0,329.0
stage0-29-_png.rf.fd345a3f672939b35e8526c3e5d1d8b4.jpg,640.0,480.0,Stage0,196.0,148.0,434.0,323.0
stage0-17-_png.rf.dfd3984581e711f20a574a2dd2f9c93c.jpg,640.0,480.0,Stage0,185.0,131.0,409.0,319.0
iris-stage-0-6-_png.rf.16ce732d2508547dbfd45ddf10e05d21.jpg,1705.0,958.0,Stage0,567.0,213.0,1107.0,684.0
stage0-38-_jpg.rf.8006e22546a60b38e1b559a37fd1dc91.jpg,640.0,480.0,Stage0,158.0,144.0,386.0,334.0
stage0-32-_jpg.rf.3534cdbfbdcc7ee87db3d452a18090d3.jpg,640.0,480.0,Stage0,165.0,149.0,403.0,316.0
stage0-53-_jpg.rf.ccd084dcb413ae7945b1d5679782e5d6.jpg,640.0,480.0,Stage0,359.0,132.0,542.0,247.0
stage0-10-_jpg.rf.c027452fa6109cead175959417063a5f.jpg,640.0,480.0,Stage0,201.0,146.0,506.0,379.0
iris-stage-0-45-_png.rf.1b3d2f2134fb5df42a014fd5ff861249.jpg,1705.0,958.0,Stage0,380.0,194.0,1200.0,701.0
iris-stage-0-67-_png.rf.4bfefba6eacda68fb9e607335cf8cd5d.jpg,1705.0,958.0,Stage0,523.0,196.0,1071.0,667.0
stage0-3-_png.rf.cbf02ab534ec86e1635b18b61531d07a.jpg,640.0,480.0,Stage0,156.0,127.0,466.0,324.0
stage0-6-_jpg.rf.d48ce13679471b87e1bc93cba4a2732e.jpg,640.0,480.0,Stage0,165.0,149.0,394.0,341.0
stage0-2-_png.rf.00fad6ac0c2721b8c12a00d15d129e1c.jpg,640.0,480.0,Stage0,149.0,128.0,472.0,322.0
iris-stage-0-20-_png.rf.107b0a879e8d2b9058f2221b8e2b0fc5.jpg,1705.0,958.0,Stage0,576.0,190.0,1106.0,484.0
iris-stage-0-65-_png.rf.49619a37cef76e9f66d07fc3ee9fe9c7.jpg,1705.0,958.0,Stage0,567.0,271.0,981.0,706.0
stage0-20-_jpg.rf.03027858be54bd80409858817f4c63ba.jpg,640.0,480.0,Stage0,326.0,142.0,527.0,304.0
iris-stage-0-32-_png.rf.87528b8cc55c71db9f6dd81a57b0c4f2.jpg,1705.0,958.0,Stage0,559.0,166.0,1111.0,534.0
stage0-31-_png.rf.6a3ba2c85668411bfc7a0681163d4933.jpg,640.0,480.0,Stage0,193.0,180.0,444.0,322.0
iris-stage-0-3-_png.rf.6627a6c7b86c0701888568585908d116.jpg,1705.0,958.0,Stage0,489.0,281.0,1126.0,704.0
stage0-31-_jpg.rf.d0ed634dddbd95ef298c4d6dcaf49956.jpg,640.0,480.0,Stage0,224.0,179.0,397.0,317.0
iris-stage-0-64-_png.rf.d92b259f20240042e7c8d10c8c6bb343.jpg,1705.0,958.0,Stage0,527.0,264.0,971.0,719.0
iris-stage-0-66-_png.rf.6a301a8198b99229a4e5128f40e239c5.jpg,1705.0,958.0,Stage0,573.0,189.0,1041.0,701.0
iris-stage-0-38-_png.rf.d62245adedacc1bf30915f7073e429b6.jpg,1705.0,958.0,Stage0,653.0,259.0,1109.0,533.0
iris-stage-0-39-_png.rf.b7ac45a249e75926183534a1ed8707dc.jpg,1705.0,958.0,Stage0,597.0,209.0,1034.0,610.0
stage0-46-_jpg.rf.19a503a16281274c39c6c35379913127.jpg,640.0,480.0,Stage0,210.0,134.0,451.0,278.0
stage0-12-_jpg.rf.9241bf29e5bfe31b3ba1f6f186173cbe.jpg,640.0,480.0,Stage0,190.0,125.0,432.0,297.0
stage0-28-_jpg.rf.cb296556d9a598bd71fe2f53bd198c18.jpg,640.0,480.0,Stage0,191.0,157.0,476.0,327.0
iris-stage-0-53-_png.rf.4ed4c7e4cf8b8523f89e57a8af1bbccd.jpg,1705.0,958.0,Stage0,510.0,400.0,1127.0,833.0
stage0-33-_jpg.rf.137ca8c736bbc9561ff16a0e082b6bf5.jpg,640.0,480.0,Stage0,156.0,136.0,446.0,321.0
iris-stage-0-72-_png.rf.1ced607baec5de07bd7a39911e7055e0.jpg,1708.0,958.0,Stage0,546.0,203.0,1170.0,604.0
stage0-42-_jpg.rf.b8b7a1f25a987a832a4b0234e3840d3c.jpg,640.0,480.0,Stage0,202.0,154.0,409.0,314.0
iris-stage-0-68-_png.rf.7894fb8f36b50eeb09bd6f566fe78942.jpg,1705.0,958.0,Stage0,304.0,216.0,796.0,666.0
iris-stage-0-14-_png.rf.b1342ef23f13398f0c74bf610df3be86.jpg,1705.0,958.0,Stage0,704.0,220.0,1133.0,534.0
stage0-30-_png.rf.9010fc1d0dda32f0ddf2c197dd40f94c.jpg,640.0,480.0,Stage0,213.0,161.0,429.0,349.0
iris-stage-0-63-_png.rf.a9ceea1b63e955bcc02a9dcc81833a1e.jpg,1705.0,958.0,Stage0,460.0,220.0,1273.0,657.0
iris-stage-0-59-_png.rf.49d5641275c7588f1b1067069d1e664c.jpg,1705.0,958.0,Stage0,471.0,257.0,1100.0,694.0
iris-stage-0-41-_png.rf.2990851abc90e2c2b1acd6e3f22cc664.jpg,1705.0,958.0,Stage0,547.0,294.0,1063.0,660.0
iris-stage-0-54-_png.rf.933302d157d76f9365acb79ee498b503.jpg,1705.0,958.0,Stage0,610.0,384.0,1171.0,840.0
iris-stage-0-15-_png.rf.773aa601cdbbcefdec2d8bf470c453da.jpg,1705.0,958.0,Stage0,276.0,199.0,709.0,674.0
stage0-32-_png.rf.198bbd06575d69f037d85afeac8b3d1e.jpg,640.0,480.0,Stage0,195.0,183.0,444.0,331.0
stage0-33-_png.rf.a8468b495ca1a5b4ff84b46dd921dcb2.jpg,640.0,480.0,Stage0,196.0,183.0,436.0,334.0
iris-stage-0-58-_png.rf.b14894563c5ca0c1def8249ec847184d.jpg,1705.0,958.0,Stage0,570.0,343.0,1149.0,723.0
stage0-50-_jpg.rf.d962fa273af01a1261f566466a580377.jpg,640.0,480.0,Stage0,241.0,174.0,425.0,306.0
stage0-8-_jpg.rf.eb9b14b8799b6f65312c5f671b2fca22.jpg,640.0,480.0,Stage0,229.0,164.0,486.0,351.0
stage0-24-_jpg.rf.34b9026183a1617fb6fb0b86ca5a356a.jpg,640.0,480.0,Stage0,188.0,136.0,454.0,299.0
stage0-48-_jpg.rf.5862ebafa1e54af7ef6625fb6d16a981.jpg,640.0,480.0,Stage0,231.0,166.0,428.0,290.0
stage0-1-_jpg.rf.f158f0ee3b5981e18bd3205e468ba8a4.jpg,640.0,480.0,Stage0,153.0,131.0,467.0,355.0
stage0-21-_jpg.rf.48ea217ebc2dd5e7ec7d6e8c654d5828.jpg,640.0,480.0,Stage0,196.0,142.0,444.0,271.0
iris-stage-0-35-_png.rf.5932ee9a2e028ac0421050adc0ed48b7.jpg,1705.0,958.0,Stage0,513.0,286.0,1221.0,676.0
stage0-45-_jpg.rf.3bb175c38af4f2aae9b4a1a3922efca7.jpg,640.0,480.0,Stage0,99.0,136.0,323.0,280.0
iris-stage-0-26-_png.rf.40bff76f1abe6b347b360cff5fd67cce.jpg,1705.0,958.0,Stage0,513.0,251.0,1087.0,741.0
iris-stage-0-28-_png.rf.c2606e0cb641fc308113d97f407925d4.jpg,1705.0,958.0,Stage0,493.0,240.0,1074.0,704.0
iris-stage-0-55-_png.rf.34cf36aa99df2391d43206381d53a3fb.jpg,1705.0,958.0,Stage0,277.0,349.0,651.0,611.0
stage0-13-_png.rf.fe78a456b59b02a2f2daa608e235a14d.jpg,640.0,480.0,Stage0,161.0,154.0,464.0,315.0
stage0-14-_png.rf.32acc0cd982ce35d6b120a225d1ae3fe.jpg,640.0,480.0,Stage0,170.0,154.0,456.0,314.0
iris-stage-0-18-_png.rf.fdf12f686ea709867224cca50ab1603f.jpg,1705.0,958.0,Stage0,623.0,223.0,1143.0,569.0
stage0-27-_png.rf.ff90e1e61d3ce055eb8b0a655d4c4523.jpg,640.0,480.0,Stage0,186.0,147.0,434.0,331.0
iris-stage-0-24-_png.rf.a19e5d0397f771f5d70f9e968ec83246.jpg,1705.0,958.0,Stage0,614.0,187.0,1079.0,590.0
iris-stage-0-61-_png.rf.b7a7d767a1804370ea20d59cc6e3546d.jpg,1705.0,958.0,Stage0,551.0,274.0,1229.0,673.0
stage0-26-_jpg.rf.9c3a177dc9675fe4a101b8ee3ffd7c5a.jpg,1024.0,768.0,Stage0,190.0,168.0,782.0,531.0
iris-stage-0-10-_png.rf.8b490f5fbcd87447f040b96d71f4ada3.jpg,1705.0,958.0,Stage0,450.0,254.0,1203.0,731.0
iris-stage-0-4-_png.rf.a744231aa69e31b662285f11f28d2a7d.jpg,1705.0,958.0,Stage0,926.0,220.0,1341.0,529.0
stage0-19-_jpg.rf.f2b43679187f457083984744b14ab011.jpg,640.0,480.0,Stage0,194.0,131.0,421.0,311.0
iris-stage-0-33-_png.rf.9d20e4fc3cf65fc4bf3cfe538d1f8d08.jpg,1705.0,958.0,Stage0,543.0,173.0,1090.0,564.0
stage0-18-_jpg.rf.8580c1d4055d833def3f8255eab426df.jpg,640.0,480.0,Stage0,172.0,154.0,453.0,325.0
iris-stage-0-48-_png.rf.2a6782d5a20c8df34bfb00d87d7b0ef4.jpg,1705.0,958.0,Stage0,876.0,240.0,1347.0,660.0
iris-stage-0-16-_png.rf.4d50ecbeb3981ece68bf32caaa264f93.jpg,1705.0,958.0,Stage0,564.0,199.0,1084.0,620.0
iris-stage-1-3-_png.rf.179ed4e21e1ee27d92041a985f2b396a.jpg,1705.0,958.0,Stage1,550.0,203.0,1089.0,581.0
iris-stage-1-70-_png.rf.0d455873c8489794fc86c8bfac7e53c1.jpg,1708.0,958.0,Stage1,261.0,174.0,774.0,546.0
iris-stage-1-11-_png.rf.191e27f057db223d99c6afdb3c435faa.jpg,1708.0,958.0,Stage1,509.0,240.0,1129.0,664.0
stage1-27-_jpg.rf.22ab6a92fb7a6761cb9b494ced8871dd.jpg,640.0,480.0,Stage1,236.0,166.0,417.0,296.0
iris-stage-1-79-_png.rf.188a8d3e94d80921d5be095783aea8be.jpg,1708.0,958.0,Stage1,267.0,210.0,840.0,677.0
iris-stage-1-30-_png.rf.1ccfdcf485b43ae6501b427498287cd9.jpg,1708.0,958.0,Stage1,416.0,229.0,1191.0,697.0
iris-stage-1-15-_png.rf.1e4100583792eae9259a015171688a50.jpg,1708.0,958.0,Stage1,576.0,216.0,1081.0,540.0
iris-stage-1-31-_png.rf.1477783380815c4869e88c00b08fecb7.jpg,1708.0,958.0,Stage1,253.0,226.0,831.0,667.0
stage1-41-_jpg.rf.1085e1a7fe0223d054025c829402dd3f.jpg,640.0,480.0,Stage1,207.0,146.0,427.0,289.0
stage1-7-_jpg.rf.0249ef42f359f3129f6292e20e11cd50.jpg,640.0,480.0,Stage1,246.0,146.0,426.0,281.0
iris-stage-1-64-_png.rf.03c2c916b0d631fd928b38b59232fffd.jpg,1708.0,958.0,Stage1,476.0,167.0,1109.0,614.0
stage1-69-_jpg.rf.06ba754086bff79ba669180f1c80a2e8.jpg,1024.0,768.0,Stage1,173.0,132.0,656.0,459.0
iris-stage-1-34-_png.rf.1df21aaeb9994f43d4d334e43f67c209.jpg,1708.0,958.0,Stage1,550.0,226.0,1073.0,669.0
stage1-42-_jpg.rf.0e04d41eed531e8795f6e36b390bed26.jpg,640.0,480.0,Stage1,204.0,133.0,394.0,288.0
iris-stage-1-2-_png.rf.233223b1e49c0da1c3b415f2ee76ac60.jpg,1705.0,958.0,Stage1,556.0,200.0,1107.0,666.0
stage1-37-_jpg.rf.2279dc5c9ae2f217a85d82c924ac275c.jpg,640.0,480.0,Stage1,332.0,155.0,537.0,359.0
iris-stage-1-55-_png.rf.059ccd2dff14023fc941e98d1a2416d1.jpg,1708.0,958.0,Stage1,454.0,360.0,874.0,727.0
stage1-23-_jpg.rf.20b32eeec8694a00e326455c17d174c7.jpg,1024.0,768.0,Stage1,230.0,182.0,616.0,481.0
iris-stage-1-75-_png.rf.0847133128ec91ea72900d6d6fa84683.jpg,1708.0,958.0,Stage1,469.0,240.0,1229.0,621.0
iris-stage-1-84-_png.rf.0414ab1eab957f6cfc828cf228c7e4c2.jpg,1708.0,958.0,Stage1,269.0,339.0,821.0,686.0
iris-stage-1-6-_png.rf.0fdab745001be37bec73501d87035a9c.jpg,1705.0,958.0,Stage1,569.0,250.0,1170.0,599.0
iris-stage-1-60-_png.rf.056d044d9c5276c7fbe8da9850e73c37.jpg,1708.0,958.0,Stage1,853.0,299.0,1444.0,683.0
iris-stage-1-17-_png.rf.1531801b88affcfe8d3f623b17bd9336.jpg,1708.0,958.0,Stage1,604.0,249.0,1089.0,570.0
stage1-7-_png.rf.09a96a2c0689b64fb1bad62eb7c02122.jpg,640.0,480.0,Stage1,283.0,149.0,485.0,289.0
iris-stage-1-46-_png.rf.0d9c694ca0ad22e6858f9b6fc8cb32a4.jpg,1708.0,958.0,Stage1,511.0,183.0,1149.0,650.0
iris-stage-1-48-_png.rf.3ec471684e6c26648e68c6decdb9300b.jpg,1708.0,958.0,Stage1,500.0,250.0,1119.0,650.0
iris-stage-1-43-_png.rf.235a23d9079988119da49d43a2628813.jpg,1708.0,958.0,Stage1,306.0,167.0,740.0,440.0
stage1-31-_jpg.rf.3048ea5908068da053abdbe06ff91ca8.jpg,640.0,480.0,Stage1,219.0,139.0,449.0,335.0
iris-stage-1-36-_png.rf.31117d02815b4663aa4fd40373343d1f.jpg,1708.0,958.0,Stage1,923.0,203.0,1373.0,546.0
iris-stage-1-52-_png.rf.252fe42646848b3232166a19ac44c423.jpg,1708.0,958.0,Stage1,510.0,239.0,1117.0,626.0
,,,,,,,
stage1-46-_jpg.rf.25588043c14afc488ff89a65087cd145.jpg,640.0,480.0,Stage1,151.0,176.0,433.0,365.0
,,,,,,,
stage1-14-_jpg.rf.446458d055426dbb12f371f75aafa31b.jpg,640.0,480.0,Stage1,209.0,141.0,381.0,268.0
stage1-34-_jpg.rf.39b1b76a1cae79a7a73974d46543b4e9.jpg,640.0,480.0,Stage1,207.0,161.0,424.0,333.0
iris-stage-1-45-_png.rf.3d4369503c11e9e4213930592d1c4fcf.jpg,1708.0,958.0,Stage1,530.0,190.0,1140.0,661.0
iris-stage-1-78-_png.rf.283c05a7267f241084d2ce94871d088e.jpg,1708.0,958.0,Stage1,534.0,206.0,1174.0,734.0
stage1-73-_jpg.rf.406f00c21eab5976a9ea2059d1595b3c.jpg,640.0,480.0,Stage1,213.0,148.0,447.0,280.0
iris-stage-1-14-_png.rf.482723f6af93eb5759c226e0e0e30c38.jpg,1708.0,958.0,Stage1,526.0,179.0,1119.0,537.0
iris-stage-1-16-_png.rf.2ff741b7972bf9b4c1bda753ee31cfb9.jpg,1708.0,958.0,Stage1,921.0,191.0,1419.0,487.0
stage1-4-_jpg.rf.4168d933a8273dc30107a37491e3ca3a.jpg,640.0,480.0,Stage1,221.0,204.0,424.0,346.0
iris-stage-1-37-_png.rf.44edf981731fa89f4b964fd39a0a7967.jpg,1708.0,958.0,Stage1,559.0,229.0,1034.0,684.0
iris-stage-1-25-_png.rf.2a90c0a7a4a6812f9aacccb0a4f2804a.jpg,1708.0,958.0,Stage1,541.0,186.0,1117.0,641.0
stage1-61-_jpg.rf.5316c5c3208dd7164d8ded953a411af2.jpg,640.0,480.0,Stage1,99.0,172.0,324.0,326.0
stage1-38-_jpg.rf.3dfe4f1429d7db18026b79e4296eb808.jpg,640.0,480.0,Stage1,218.0,139.0,421.0,260.0
stage1-10-_png.rf.2fcb502275e03550e2099578de833abb.jpg,640.0,480.0,Stage1,200.0,157.0,395.0,309.0
iris-stage-1-22-_png.rf.2b73cb0233139218a3e744092123fcf4.jpg,1708.0,958.0,Stage1,403.0,357.0,1113.0,733.0
stage1-4-_png.rf.4c6f5ff418abf345dccdafbc55c35a5b.jpg,640.0,480.0,Stage1,267.0,146.0,452.0,279.0
iris-stage-1-50-_png.rf.4c6792ba915f5d24c77632c6af26253e.jpg,1708.0,958.0,Stage1,533.0,307.0,1094.0,693.0
stage1-49-_jpg.rf.55111d3e0d95485bed5dc891b6b228db.jpg,640.0,480.0,Stage1,176.0,144.0,449.0,314.0
stage1-19-_jpg.rf.53dad00c88ad1aeb50fd48ae697c104f.jpg,640.0,480.0,Stage1,246.0,164.0,404.0,276.0
iris-stage-1-40-_png.rf.5329b5c0df373d0298b40393d5afa1bc.jpg,1708.0,958.0,Stage1,414.0,269.0,954.0,689.0
stage1-70-_jpg.rf.2e7a274d78cac78859fce0d74655ff1e.jpg,640.0,480.0,Stage1,191.0,126.0,425.0,276.0
iris-stage-1-35-_png.rf.53a80af3ae22923df881bf109ac8768b.jpg,1708.0,958.0,Stage1,683.0,280.0,1173.0,733.0
stage1-11-_png.rf.581f827e3345f860b8057f15b32970df.jpg,640.0,480.0,Stage1,170.0,135.0,426.0,328.0
stage1-2-_png.rf.6e85538f3c741e50afec6fc8084b1972.jpg,640.0,480.0,Stage1,197.0,165.0,441.0,336.0
iris-stage-1-63-_png.rf.6e480389db26ca04438d6fecaf52b859.jpg,1708.0,958.0,Stage1,560.0,161.0,1180.0,604.0
iris-stage-1-76-_png.rf.536d222a5c654c8872c68cfdc0c59684.jpg,1708.0,958.0,Stage1,460.0,296.0,1171.0,756.0
iris-stage-1-59-_png.rf.6bca936cf8149f9526467827d33dd67c.jpg,1708.0,958.0,Stage1,473.0,177.0,1194.0,627.0
stage1-44-_jpg.rf.757983317a956717d6335720ed519a35.jpg,640.0,480.0,Stage1,242.0,218.0,396.0,359.0
stage1-52-_jpg.rf.5bceb51e3b9f015eabc2cec499bc33aa.jpg,640.0,480.0,Stage1,186.0,155.0,406.0,304.0
iris-stage-1-1-_png.rf.6fa89e28d0547b0b507f0d9bb21fc286.jpg,1705.0,958.0,Stage1,527.0,209.0,1103.0,613.0
iris-stage-1-12-_png.rf.63b2e69303c667e510effc0f5500b0b2.jpg,1708.0,958.0,Stage1,547.0,184.0,1203.0,589.0
stage1-13-_png.rf.6b6d91a3658ec7f53baa7e4f0489813e.jpg,640.0,480.0,Stage1,188.0,151.0,420.0,296.0
iris-stage-1-56-_png.rf.5a0117fcb3284c6c6b740d0326fec1f3.jpg,1708.0,958.0,Stage1,583.0,220.0,999.0,610.0
iris-stage-1-42-_png.rf.583be9a6203cbb368f04b25759099505.jpg,1708.0,958.0,Stage1,583.0,194.0,1146.0,579.0
iris-stage-1-21-_png.rf.7866c824b4bb554cc5c0931ec9268875.jpg,1708.0,958.0,Stage1,269.0,346.0,796.0,689.0
iris-stage-1-4-_png.rf.760421aad3979845be95e43e7fa0a924.jpg,1705.0,958.0,Stage1,524.0,179.0,1149.0,589.0
iris-stage-1-33-_png.rf.60579c5dfc281d71a07c412cfdff0ac7.jpg,1708.0,958.0,Stage1,561.0,319.0,1001.0,666.0
iris-stage-1-73-_png.rf.6aae92958cd87949fbfa7416f2bd1708.jpg,1708.0,958.0,Stage1,556.0,194.0,1150.0,556.0
iris-stage-1-58-_png.rf.62963f0b68775e5a598db35c5b172433.jpg,1708.0,958.0,Stage1,430.0,203.0,1111.0,716.0
iris-stage-1-49-_png.rf.7873a354e7cf9331c291a27c907e7818.jpg,1708.0,958.0,Stage1,461.0,241.0,1169.0,699.0
stage1-50-_jpg.rf.7bfe562e95337756a3b887f096fd1b16.jpg,640.0,480.0,Stage1,207.0,145.0,423.0,328.0
stage1-62-_jpg.rf.78b0eec12660f642f918bbd85cdcd987.jpg,640.0,480.0,Stage1,198.0,157.0,388.0,294.0
iris-stage-1-71-_png.rf.7bca544f969ceb9f642c124570d1b113.jpg,1708.0,958.0,Stage1,269.0,210.0,810.0,657.0
iris-stage-1-66-_png.rf.6c09db84463e8be478c98f3d659973e9.jpg,1708.0,958.0,Stage1,257.0,187.0,813.0,601.0
stage1-18-_png.rf.7f7a3e858435be08b6839e1c98b1b47e.jpg,640.0,480.0,Stage1,186.0,137.0,446.0,286.0
stage1-59-_jpg.rf.76fb2d8a496dee3da445ad9f7faaede4.jpg,1024.0,768.0,Stage1,270.0,236.0,746.0,567.0
stage1-5-_jpg.rf.3694750779f795f0fad0f40be7e62e12.jpg,640.0,480.0,Stage1,189.0,146.0,439.0,329.0
iris-stage-1-47-_png.rf.89d2a21e1d8cb4c95ad89768379eec46.jpg,1708.0,958.0,Stage1,446.0,246.0,1149.0,710.0
stage1-8-_jpg.rf.84ad06b4f7af573331f3f33ffa852f22.jpg,640.0,480.0,Stage1,340.0,159.0,520.0,314.0
iris-stage-1-38-_png.rf.8034f2b4567034177f658ec215719734.jpg,1708.0,958.0,Stage1,496.0,230.0,1043.0,651.0
iris-stage-1-27-_png.rf.86c2624d48a62969b4ffd9a929d6873a.jpg,1708.0,958.0,Stage1,481.0,251.0,1069.0,701.0
stage1-32-_jpg.rf.8ae79680cc6aa753781f533dc8658867.jpg,1024.0,768.0,Stage1,260.0,181.0,746.0,571.0
iris-stage-1-9-_png.rf.83c3dff0a8ff872175f30121e6e8e104.jpg,1705.0,958.0,Stage1,440.0,229.0,1029.0,660.0
iris-stage-1-83-_png.rf.86e0ce4137dc77d14e0e5df494b92ef4.jpg,1708.0,958.0,Stage1,524.0,381.0,1186.0,829.0
stage1-47-_jpg.rf.7a0fe7c42f25821f76953ef3f62f3709.jpg,640.0,480.0,Stage1,186.0,136.0,419.0,292.0
stage1-9-_jpg.rf.88f3a49c30f5098c026edce080519251.jpg,640.0,480.0,Stage1,218.0,146.0,421.0,280.0
stage1-26-_jpg.rf.92add9985236d6fa08f9563c02ba8c06.jpg,1024.0,768.0,Stage1,301.0,210.0,730.0,520.0
stage1-68-_jpg.rf.9fe064566c7818253dd265b241070558.jpg,640.0,480.0,Stage1,201.0,161.0,391.0,290.0
stage1-25-_jpg.rf.94eebd3b74f5bee975518d7946933ca3.jpg,640.0,480.0,Stage1,334.0,167.0,556.0,339.0
iris-stage-1-10-_png.rf.a061cd0f0d048e44ec1b38bc410c5f00.jpg,1705.0,958.0,Stage1,950.0,229.0,1409.0,644.0
stage1-40-_jpg.rf.86a075b529a31397b9f1e1ed61b32a42.jpg,640.0,480.0,Stage1,226.0,168.0,410.0,307.0
stage1-76-_jpg.rf.970d245cf5c13f4474e656a55662f7b1.jpg,1024.0,768.0,Stage1,212.0,138.0,686.0,400.0
stage1-3-_jpg.rf.9a628fa5220c9d10bf02e255fdddc26a.jpg,640.0,480.0,Stage1,242.0,158.0,406.0,332.0
stage1-64-_jpg.rf.a56b7212cc695e09da52f1e3aa30e08d.jpg,640.0,480.0,Stage1,182.0,145.0,344.0,288.0
iris-stage-1-29-_png.rf.8fabde9c2c8de480dcd673b921c45fda.jpg,1708.0,958.0,Stage1,574.0,223.0,1044.0,600.0
stage1-67-_jpg.rf.a04cb0036d09cb218a1cad388e5b50a9.jpg,640.0,480.0,Stage1,192.0,164.0,405.0,296.0
stage1-8-_png.rf.a373ba17b9159ac1234514ea69af960c.jpg,640.0,480.0,Stage1,279.0,151.0,495.0,282.0
iris-stage-1-85-_png.rf.8fcf93187c264c46a15de9611cce75fd.jpg,1708.0,958.0,Stage1,491.0,244.0,1029.0,659.0
stage1-65-_jpg.rf.8b6b5712da520fd11981aa805ca6cce6.jpg,640.0,480.0,Stage1,225.0,143.0,486.0,329.0
iris-stage-1-87-_png.rf.994cf67da10db5bb8347077a67ca07b1.jpg,1708.0,958.0,Stage1,270.0,283.0,744.0,621.0
iris-stage-1-7-_png.rf.927a80fb4eb85f227ce3bf258309323d.jpg,1705.0,958.0,Stage1,524.0,234.0,981.0,664.0
iris-stage-1-24-_png.rf.99e0add2da499f3ad375ce64e31b3708.jpg,1708.0,958.0,Stage1,276.0,170.0,821.0,591.0
stage1-39-_jpg.rf.9ee2d2444ffa66b962b5c656ac5060d6.jpg,640.0,480.0,Stage1,225.0,157.0,416.0,324.0
stage1-17-_png.rf.a9288c7f7638ee38f065f12aaba87cca.jpg,640.0,480.0,Stage1,176.0,154.0,441.0,315.0
iris-stage-1-72-_png.rf.a64644cf2bb3af04d81aab56ebf739e6.jpg,1708.0,958.0,Stage1,451.0,243.0,1184.0,736.0
stage1-2-_jpg.rf.ae172c6d7826178a1863d24adca25452.jpg,1024.0,768.0,Stage1,227.0,231.0,747.0,578.0
stage1-21-_jpg.rf.9191f2957d769279bd06c36d39802d62.jpg,1024.0,768.0,Stage1,246.0,191.0,691.0,513.0
iris-stage-1-88-_png.rf.adf7cf02c1d24ac268374d7947d3b007.jpg,1708.0,958.0,Stage1,594.0,166.0,1113.0,489.0
iris-stage-1-81-_png.rf.af54937502c72fb07949314e9b821a1b.jpg,1708.0,958.0,Stage1,423.0,241.0,1200.0,793.0
iris-stage-1-61-_png.rf.a6dc3b8b18726412dcfd17198c7b253b.jpg,1708.0,958.0,Stage1,547.0,229.0,1150.0,594.0
,,,,,,,
iris-stage-1-26-_png.rf.a85409c02cd6745e531359e581e6c1b7.jpg,1708.0,958.0,Stage1,341.0,180.0,849.0,689.0
iris-stage-1-44-_png.rf.aecfbeed17e5bf2da4446758a1327c51.jpg,1708.0,958.0,Stage1,594.0,260.0,1156.0,653.0
iris-stage-1-13-_png.rf.b7c52d5a7d6f8a7d5b2d7b3956caac95.jpg,1708.0,958.0,Stage1,304.0,174.0,846.0,524.0
,,,,,,,
stage1-36-_jpg.rf.ab79c395ac27ca13237299cb2bdf9c09.jpg,640.0,480.0,Stage1,205.0,154.0,428.0,340.0
stage1-56-_jpg.rf.b24867977c3221da95d289554a1e60cc.jpg,640.0,480.0,Stage1,206.0,131.0,461.0,294.0
iris-stage-1-18-_png.rf.ba599c1f2d72087f0c99bfdeb5bedc64.jpg,1708.0,958.0,Stage1,506.0,224.0,1150.0,630.0
iris-stage-1-82-_png.rf.b6957c412ceabbd304078c1a2edc6a8d.jpg,1708.0,958.0,Stage1,516.0,321.0,1041.0,737.0
stage1-18-_jpg.rf.b227d08a4639d7bcec0339a08ba0b9d3.jpg,640.0,480.0,Stage1,181.0,170.0,333.0,319.0
iris-stage-1-32-_png.rf.baaae0f76541ca692535f411598acfea.jpg,1708.0,958.0,Stage1,629.0,281.0,1074.0,666.0
stage1-63-_jpg.rf.b6dfb03c70025d871e841272ed762e51.jpg,640.0,480.0,Stage1,254.0,181.0,420.0,321.0
iris-stage-1-68-_png.rf.c010b6304daebeaa4c1eb415829d020e.jpg,1708.0,958.0,Stage1,537.0,260.0,1230.0,756.0
stage1-74-_jpg.rf.c6f4ce2dd31a552a5566b2c6e314f5b5.jpg,1024.0,768.0,Stage1,267.0,170.0,764.0,459.0
stage1-75-_jpg.rf.b67d06c0000db92e0e845471a551e6c2.jpg,640.0,480.0,Stage1,97.0,125.0,295.0,259.0
stage1-55-_jpg.rf.bd8c052546fdf6747916cd7856e283fb.jpg,640.0,480.0,Stage1,195.0,134.0,446.0,283.0
stage1-6-_jpg.rf.c0a6b645735b402cf59aad46cae35d68.jpg,640.0,480.0,Stage1,124.0,140.0,325.0,291.0
stage1-14-_png.rf.b755aba4ae74e0453d1a3bbcc2956de1.jpg,640.0,480.0,Stage1,194.0,149.0,424.0,290.0
stage1-5-_png.rf.baf01abe9c15f39ed8fd4eb742cf09f4.jpg,640.0,480.0,Stage1,260.0,144.0,460.0,281.0
stage1-15-_png.rf.b45d0e6100c33b00ba6c31bbfddd3ebb.jpg,640.0,480.0,Stage1,181.0,153.0,409.0,294.0
iris-stage-1-77-_png.rf.cbe688ea52f7be63fd8e826a88dc3790.jpg,1708.0,958.0,Stage1,564.0,249.0,1156.0,653.0
stage1-16-_png.rf.cae3200f49bf605f768b6d36d7470acb.jpg,640.0,480.0,Stage1,176.0,157.0,425.0,309.0
stage1-17-_jpg.rf.d50ddb07f0623f8c159353cc0bf1204a.jpg,640.0,480.0,Stage1,222.0,158.0,385.0,260.0
iris-stage-1-80-_png.rf.cb90361f3784adef15736ba6a3f817db.jpg,1708.0,958.0,Stage1,477.0,220.0,1230.0,744.0
stage1-48-_jpg.rf.cea4adcab9b105000b33b123610aa480.jpg,640.0,480.0,Stage1,159.0,124.0,467.0,311.0
stage1-35-_jpg.rf.d2d603f7b060c864b164413d9a3ef1de.jpg,640.0,480.0,Stage1,200.0,162.0,449.0,336.0
stage1-33-_jpg.rf.d90e4dbfed7e27db7aeb290a8b9fd3c6.jpg,1024.0,768.0,Stage1,232.0,270.0,728.0,597.0
stage1-45-_jpg.rf.c1707fd5295cd54b88566b6f82065401.jpg,640.0,480.0,Stage1,186.0,143.0,468.0,309.0
stage1-29-_jpg.rf.d7930505a1363ec76ae01d59f1b00208.jpg,640.0,480.0,Stage1,200.0,145.0,444.0,351.0
iris-stage-1-51-_png.rf.bd6cf47bcc488d12547ee84c7e9f5efa.jpg,1708.0,958.0,Stage1,486.0,219.0,1056.0,573.0
iris-stage-1-67-_png.rf.d66ad0f732d6b84db92c35fbdd8a9d5e.jpg,1708.0,958.0,Stage1,510.0,241.0,1170.0,689.0
iris-stage-1-57-_png.rf.e18c51929624d708c9db5a848a88ace2.jpg,1708.0,958.0,Stage1,400.0,237.0,1083.0,796.0
stage1-12-_png.rf.d44229db5219cce690a8933fb637dfac.jpg,640.0,480.0,Stage1,187.0,133.0,445.0,287.0
stage1-66-_jpg.rf.e3c4cf36cac48f33203ad397b11d6c16.jpg,640.0,480.0,Stage1,98.0,163.0,260.0,280.0
stage1-58-_jpg.rf.e18c7ad121a7de99b439661486b4ed67.jpg,640.0,480.0,Stage1,233.0,163.0,439.0,324.0
iris-stage-1-5-_png.rf.e9fe8f8527ba46192b9f58f163af528f.jpg,1705.0,958.0,Stage1,526.0,171.0,1159.0,570.0
stage1-3-_png.rf.d1f63e4e82c8e34693bc02651324c3e5.jpg,640.0,480.0,Stage1,195.0,165.0,441.0,338.0
,,,,,,,
stage1-60-_jpg.rf.e6aeb96901a70339623148f089172c54.jpg,1024.0,768.0,Stage1,219.0,212.0,743.0,557.0
stage1-53-_jpg.rf.e778bfaa3762c2e48717bc0d24dd5b0e.jpg,640.0,480.0,Stage1,209.0,155.0,444.0,317.0
iris-stage-1-20-_png.rf.e95291184fe6e42ddc9586a5e896d94a.jpg,1708.0,958.0,Stage1,447.0,359.0,1089.0,747.0
stage1-43-_jpg.rf.d6fa48f9b43f5ebf833f2e643980f43f.jpg,640.0,480.0,Stage1,201.0,181.0,376.0,311.0
iris-stage-1-8-_png.rf.da6ed3681f10c2b77ad60e9d79c76732.jpg,1705.0,958.0,Stage1,496.0,294.0,1206.0,753.0
iris-stage-1-86-_png.rf.ea8ab52549231b374ae94b83f2a33d5b.jpg,1708.0,958.0,Stage1,501.0,271.0,1059.0,689.0
stage1-1-_png.rf.e94dd33eeaf81ff9bf17def0d138c83c.jpg,640.0,480.0,Stage1,196.0,166.0,422.0,339.0
stage1-1-_jpg.rf.ea5221a6009133c505a3e842dd22b7f8.jpg,640.0,480.0,Stage1,327.0,149.0,541.0,321.0
iris-stage-1-28-_png.rf.eddf86361e43b75c32c9d6f189e337c8.jpg,1708.0,958.0,Stage1,573.0,279.0,1066.0,687.0
iris-stage-1-62-_png.rf.d9dea36ea28d4eab137068addef2392e.jpg,1708.0,958.0,Stage1,389.0,163.0,1084.0,710.0
stage1-24-_jpg.rf.f25bf8d8573ed7c949b72e2d9b4bae22.jpg,640.0,480.0,Stage1,210.0,154.0,416.0,284.0
stage1-22-_jpg.rf.f70af0e706d5068c8922f7935ee684c9.jpg,640.0,480.0,Stage1,202.0,140.0,376.0,271.0
stage1-13-_jpg.rf.e82ebaa15878122962bfacf1d4914f46.jpg,640.0,480.0,Stage1,218.0,151.0,432.0,306.0
stage1-16-_jpg.rf.e7ab7f3d6f784ddc3e6fea2fdf075deb.jpg,1024.0,768.0,Stage1,247.0,241.0,663.0,501.0
iris-stage-1-69-_png.rf.eb38b5a7e57805ec6eca8e88b36bc892.jpg,1708.0,958.0,Stage1,580.0,196.0,1160.0,579.0
iris-stage-1-89-_png.rf.f30da22b348d4dfce1ab6b1a38896418.jpg,1708.0,958.0,Stage1,571.0,160.0,1106.0,509.0
iris-stage-1-53-_png.rf.f5e59f1061d42b9ddba7c785286ef751.jpg,1708.0,958.0,Stage1,576.0,293.0,1033.0,646.0
stage1-30-_jpg.rf.f64ed67273882523b05c39c17ad10b21.jpg,640.0,480.0,Stage1,243.0,146.0,414.0,296.0
iris-stage-1-74-_png.rf.f90400e9d2f5fa4e54ccbfe43cfce436.jpg,1708.0,958.0,Stage1,550.0,241.0,1130.0,649.0
stage1-9-_png.rf.f1910c2b011f414d207ff49589840510.jpg,640.0,480.0,Stage1,199.0,147.0,440.0,328.0
iris-stage-1-19-_png.rf.f9da85fbf4f921bbc07697f532c37b7d.jpg,1708.0,958.0,Stage1,460.0,264.0,1140.0,744.0
iris-stage-1-65-_png.rf.fb901e24505e39b6ca836127b62984cd.jpg,1708.0,958.0,Stage1,886.0,169.0,1454.0,644.0
iris-stage-1-54-_png.rf.ffcdaf62cb32a3144798877d5c2d210a.jpg,1708.0,958.0,Stage1,571.0,300.0,1029.0,631.0
iris-stage-1-23-_png.rf.f90d7d77d8df18e0f99510a9395a3adb.jpg,1708.0,958.0,Stage1,531.0,213.0,1154.0,641.0
iris-stage-1-41-_png.rf.fb17aeab1feaae8ddb9a7c68418d669a.jpg,1708.0,958.0,Stage1,567.0,207.0,1126.0,619.0
stage2-32-_png.rf.0acf6f7719ad8bf7385f2dd330cebc78.jpg,640.0,480.0,Stage2,166.0,156.0,455.0,332.0
stage2-57-_jpg.rf.0bb324e4bed5edf20c4b230d39caed5f.jpg,640.0,480.0,Stage2,171.0,129.0,449.0,334.0
stage2-16-_png.rf.10c21cc71f783548ae105c196ed62b78.jpg,640.0,480.0,Stage2,189.0,141.0,425.0,335.0
iris-stage-2-32-_png.rf.1a0de9bb71564de87bfd51864416598b.jpg,1708.0,958.0,Stage2,471.0,279.0,1147.0,776.0
stage2-46-_jpg.rf.132c3c18066d511b6d0a2d2dae5115d3.jpg,1024.0,768.0,Stage2,298.0,199.0,619.0,501.0
stage2-30-_jpg.rf.01038b5c295886cc9b85975668b055e6.jpg,640.0,480.0,Stage2,239.0,174.0,416.0,289.0
stage2-49-_jpg.rf.1924eede754402962be45c6a4b644206.jpg,1024.0,768.0,Stage2,272.0,172.0,756.0,447.0
stage2-5-_jpg.rf.0b05c8d80973a7ab4e046b55bfe13f4f.jpg,640.0,480.0,Stage2,155.0,132.0,463.0,342.0
iris-stage-2-50-_png.rf.08d2261444742353c286434107d151c0.jpg,1708.0,958.0,Stage2,576.0,230.0,1127.0,713.0
iris-stage-2-30-_png.rf.1b3a442090d8c0eaf82013eaa997cfb3.jpg,1708.0,958.0,Stage2,516.0,227.0,1010.0,517.0
stage2-24-_png.rf.21d71614add2968bccdca50ff871b4fe.jpg,640.0,480.0,Stage2,217.0,134.0,427.0,267.0
iris-stage-2-34-_png.rf.222f64568e15c911674c940be03f2ecc.jpg,1708.0,958.0,Stage2,453.0,241.0,1013.0,674.0
stage2-32-_jpg.rf.02b08ef438a3828af7ac4af4a245db69.jpg,640.0,480.0,Stage2,203.0,138.0,451.0,366.0
iris-stage-2-35-_png.rf.15c46a4992771c8b52f5bbac56f47881.jpg,1708.0,958.0,Stage2,534.0,201.0,1119.0,686.0
iris-stage-2-18-_png.rf.01e2da856ef91a689f293bff09a8e99d.jpg,1708.0,958.0,Stage2,466.0,239.0,1109.0,706.0
stage2-26-_png.rf.225196141211231adea567f76df61aad.jpg,640.0,480.0,Stage2,195.0,127.0,378.0,271.0
stage2-27-_jpg.rf.22a54ec06176229c0ca1e0e2e659ad46.jpg,1024.0,768.0,Stage2,214.0,227.0,712.0,554.0
stage2-10-_png.rf.1ce2285932dbbfab21c0fad1b664210a.jpg,640.0,480.0,Stage2,185.0,127.0,467.0,301.0
stage2-16-_jpg.rf.01a1332fac3540af30e08ecca8cd5883.jpg,640.0,480.0,Stage2,210.0,121.0,471.0,299.0
iris-stage-2-7-_png.rf.22983429d0368c84b00d91a67e27cf4e.jpg,1708.0,958.0,Stage2,489.0,224.0,1023.0,710.0
stage2-11-_png.rf.23513e5ddbf316ae3dcb5cc7eca07648.jpg,640.0,480.0,Stage2,225.0,148.0,466.0,279.0
iris-stage-2-94-_png.rf.07c7217fa80388054dd1afeacabc5640.jpg,1708.0,958.0,Stage2,539.0,217.0,996.0,609.0
iris-stage-2-83-_png.rf.1f0db5b413abcfe08f01c96d9c20a2bc.jpg,1708.0,958.0,Stage2,521.0,204.0,1036.0,523.0
iris-stage-2-101-_png.rf.23714a51be56e99a4b4adf1bb12aef2b.jpg,1708.0,958.0,Stage2,489.0,181.0,1133.0,654.0
iris-stage-2-66-_png.rf.0d234da20455742caaa3e5d1a7cb511e.jpg,1708.0,958.0,Stage2,579.0,177.0,1100.0,576.0
iris-stage-2-39-_png.rf.196611b64a61667e132128f26ab7df3f.jpg,1708.0,958.0,Stage2,490.0,190.0,1174.0,706.0
iris-stage-2-5-_png.rf.10a39c75caaf26c1751c3df92c0c418d.jpg,1708.0,958.0,Stage2,460.0,226.0,1146.0,639.0
stage2-50-_jpg.rf.270ac1fa28d96b007516ea838af92d25.jpg,640.0,480.0,Stage2,98.0,131.0,311.0,287.0
iris-stage-2-59-_png.rf.26184687f3d93455327cd2f6d9db2427.jpg,1708.0,958.0,Stage2,857.0,249.0,1440.0,686.0
stage2-30-_png.rf.25b412bef05385846b4f66ec5edbb173.jpg,640.0,480.0,Stage2,159.0,149.0,441.0,309.0
stage2-31-_png.rf.29dd2e599e1d28063b55f1ae071c1463.jpg,640.0,480.0,Stage2,174.0,155.0,456.0,323.0
iris-stage-2-56-_png.rf.314f3a96fda6d3c25ba5ae4e8efd19d7.jpg,1708.0,958.0,Stage2,491.0,214.0,1083.0,704.0
iris-stage-2-27-_png.rf.304e2d5e0fde08538be80bc5eb3e35e0.jpg,1708.0,958.0,Stage2,493.0,267.0,1060.0,583.0
stage2-15-_jpg.rf.3d830f4be4c148e8b35b3125a046a3be.jpg,640.0,480.0,Stage2,206.0,145.0,459.0,336.0
stage2-33-_jpg.rf.384d9d2f61217bb6f425b83242d900a5.jpg,640.0,480.0,Stage2,242.0,170.0,396.0,311.0
stage2-31-_jpg.rf.317b8f4271a12474c09bd7390f1eec18.jpg,640.0,480.0,Stage2,246.0,131.0,431.0,281.0
stage2-42-_jpg.rf.3619bd5b401b09901982739dab363d14.jpg,640.0,480.0,Stage2,117.0,134.0,325.0,265.0
stage2-36-_jpg.rf.3531e066fb2b61b393d1a739d67a1e83.jpg,640.0,480.0,Stage2,199.0,146.0,394.0,289.0
iris-stage-2-70-_png.rf.38c59162b596643e496fc514b944193a.jpg,1708.0,958.0,Stage2,453.0,174.0,1113.0,647.0
stage2-26-_jpg.rf.2e40d85e11dedd3fb85d2050faef0915.jpg,640.0,480.0,Stage2,102.0,138.0,327.0,315.0
stage2-2-_png.rf.3dd41722c6b6dc5e30a4ba2e2a4fe8b6.jpg,640.0,480.0,Stage2,194.0,157.0,493.0,359.0
iris-stage-2-84-_png.rf.3b89757fcc8d756e2ff9dab9169ca568.jpg,1708.0,958.0,Stage2,531.0,210.0,1037.0,619.0
iris-stage-2-33-_png.rf.39720a684389be7971ed2cd647760ffc.jpg,1708.0,958.0,Stage2,587.0,293.0,1017.0,713.0
iris-stage-2-74-_png.rf.2c6ed585fc7a49d086e94cd6610a40fb.jpg,1708.0,958.0,Stage2,576.0,330.0,1084.0,660.0
iris-stage-2-38-_png.rf.41a7e6c398cd62493401818565ed2606.jpg,1708.0,958.0,Stage2,433.0,171.0,1101.0,641.0
iris-stage-2-4-_png.rf.37b94fdec45aceeb9745551bf64bb30b.jpg,1708.0,958.0,Stage2,363.0,274.0,1053.0,707.0
iris-stage-2-2-_png.rf.37b4df3b227d32705df49e68d300d563.jpg,1705.0,958.0,Stage2,900.0,184.0,1431.0,531.0
stage2-40-_jpg.rf.2c2ef2aa28b590feac503636d6512b77.jpg,640.0,480.0,Stage2,219.0,125.0,386.0,289.0
stage2-17-_jpg.rf.34e29d4b7a7e2a19b316720b87666e10.jpg,640.0,480.0,Stage2,101.0,123.0,323.0,292.0
iris-stage-2-55-_png.rf.38b8941ce92166d4b386bcc86e34d35d.jpg,1708.0,958.0,Stage2,437.0,246.0,1199.0,724.0
stage2-6-_jpg.rf.4406cab7b65a39c4af471e80e0f94797.jpg,640.0,480.0,Stage2,146.0,154.0,480.0,381.0
iris-stage-2-47-_png.rf.3d8424435a8b84b1b83e957d4a5d9ba5.jpg,1708.0,958.0,Stage2,509.0,263.0,1040.0,663.0
iris-stage-2-92-_png.rf.36e1de2af9288153f79d866a6889d33e.jpg,1708.0,958.0,Stage2,634.0,229.0,1103.0,610.0
stage2-7-_png.rf.3f78ca9a354a095585f94872bf98b2c7.jpg,640.0,480.0,Stage2,189.0,134.0,371.0,279.0
iris-stage-2-76-_png.rf.2a65bbf9af01a768c8d4c10ec78f453c.jpg,1708.0,958.0,Stage2,554.0,233.0,1057.0,637.0
stage2-8-_png.rf.3e29546fcd7205f201b1823c8f1dc4a3.jpg,640.0,480.0,Stage2,201.0,120.0,456.0,304.0
iris-stage-2-1-_png.rf.4fb15a0050ea521a30be51b31327a406.jpg,1705.0,958.0,Stage2,493.0,193.0,1063.0,551.0
stage2-39-_jpg.rf.4fc75e36af33457204b5fa010145e3bf.jpg,1024.0,768.0,Stage2,188.0,142.0,579.0,436.0
iris-stage-2-49-_png.rf.561e72255adfbef20f617029f19f3b50.jpg,1708.0,958.0,Stage2,461.0,240.0,1183.0,764.0
stage2-14-_jpg.rf.4b321e694d7574403dd50c7e4819d7b2.jpg,640.0,480.0,Stage2,194.0,131.0,384.0,278.0
iris-stage-2-81-_png.rf.49cf30c54b289b64d7a170f789456df5.jpg,1708.0,958.0,Stage2,477.0,209.0,1033.0,606.0
iris-stage-2-25-_png.rf.69f4c36e8318b1aab5fe9223f3ba7e85.jpg,1708.0,958.0,Stage2,553.0,189.0,1066.0,476.0
iris-stage-2-82-_png.rf.6ace440fc25f11b1bc59b71e14d65291.jpg,1708.0,958.0,Stage2,300.0,169.0,759.0,519.0
stage2-44-_jpg.rf.50d1aeb9598025e382ad2da2b545bfef.jpg,1024.0,768.0,Stage2,316.0,270.0,682.0,533.0
iris-stage-2-61-_png.rf.6bd5b5af947043389a8238b921840518.jpg,1708.0,958.0,Stage2,467.0,241.0,1121.0,667.0
stage2-7-_jpg.rf.5a91d00dbc5745bff79674007a43b2c8.jpg,640.0,480.0,Stage2,190.0,128.0,491.0,268.0
stage2-29-_png.rf.6c7fe50f6c647db236c3438c1354e0d2.jpg,640.0,480.0,Stage2,155.0,149.0,439.0,320.0
iris-stage-2-16-_png.rf.5ff0ac7144ad12482f62e199c83a1e6b.jpg,1708.0,958.0,Stage2,490.0,214.0,1233.0,727.0
iris-stage-2-52-_png.rf.68785e62a512587e8ba59271440e8910.jpg,1708.0,958.0,Stage2,433.0,253.0,813.0,521.0
stage2-3-_png.rf.5aa03fce691c675014c8c0628a98c183.jpg,640.0,480.0,Stage2,149.0,142.0,445.0,345.0
iris-stage-2-14-_png.rf.69f271eaa6a156a4308ccaae0608f263.jpg,1708.0,958.0,Stage2,397.0,207.0,1134.0,673.0
iris-stage-2-51-_png.rf.632e44333242776368d780dba62748e1.jpg,1708.0,958.0,Stage2,446.0,200.0,1061.0,640.0
stage2-18-_png.rf.4a487db7a09fa612a642f67053a7cbb2.jpg,640.0,480.0,Stage2,114.0,129.0,391.0,296.0
iris-stage-2-58-_png.rf.6f064bef66477f201753bc1826be7bf8.jpg,1708.0,958.0,Stage2,476.0,204.0,1143.0,634.0
iris-stage-2-44-_png.rf.4fd1d8ecbe890ba1884016240d04c028.jpg,1708.0,958.0,Stage2,504.0,156.0,891.0,486.0
stage2-47-_jpg.rf.63b0b7c3bc79478d203f9f548b4e3d63.jpg,640.0,480.0,Stage2,206.0,165.0,364.0,324.0
iris-stage-2-17-_png.rf.6ebd91fd8415b3f48dd4ba1c1d9fc6ea.jpg,1708.0,958.0,Stage2,370.0,170.0,843.0,486.0
iris-stage-2-20-_png.rf.68eee7d5f96016a2b6c30dbe71a89899.jpg,1708.0,958.0,Stage2,253.0,161.0,660.0,529.0
stage2-37-_jpg.rf.6f22e255825c6a4534a53dabedc7a8f8.jpg,640.0,480.0,Stage2,202.0,152.0,369.0,284.0
iris-stage-2-75-_png.rf.7057197cc8b92689f358c4948d453379.jpg,1708.0,958.0,Stage2,280.0,354.0,674.0,634.0
iris-stage-2-19-_png.rf.6fcf33bf3e9ae03c30facd50a3a44bb0.jpg,1708.0,958.0,Stage2,810.0,151.0,1211.0,501.0
iris-stage-2-103-_png.rf.6089f1a81612e230ec17b65888188015.jpg,1708.0,958.0,Stage2,344.0,173.0,847.0,616.0
stage2-13-_jpg.rf.670b61251665bed0d777e71ca47f9ab0.jpg,640.0,480.0,Stage2,171.0,134.0,351.0,291.0
stage2-9-_jpg.rf.7449f8a76f769e205ac02c30d0fd35b0.jpg,640.0,480.0,Stage2,164.0,161.0,467.0,364.0
stage2-22-_jpg.rf.7437cb402f0c4b5e68835f1bb24cd312.jpg,640.0,480.0,Stage2,119.0,131.0,330.0,306.0
iris-stage-2-77-_png.rf.5be6c545d78b7e1816cb47e81496063a.jpg,1708.0,958.0,Stage2,547.0,286.0,1047.0,634.0
iris-stage-2-79-_png.rf.77b75a3b79c575fe2cb960fe0f62bdd2.jpg,1708.0,958.0,Stage2,600.0,187.0,991.0,534.0
iris-stage-2-40-_png.rf.799334988e4d2370e4bf64bd78c688ad.jpg,1708.0,958.0,Stage2,870.0,169.0,1403.0,574.0
stage2-19-_jpg.rf.8382e1a74490a5d611be4f8edd19eea3.jpg,640.0,480.0,Stage2,159.0,125.0,481.0,330.0
stage2-6-_png.rf.803c07fa953e5fc6873755a65399ecfc.jpg,640.0,480.0,Stage2,175.0,132.0,378.0,284.0
stage2-1-_jpg.rf.754e978d2cbe1ac3a4b554a03ac29696.jpg,640.0,480.0,Stage2,243.0,123.0,401.0,279.0
iris-stage-2-54-_png.rf.7c86a0a51ba9b07bd205e96e85c3e8cf.jpg,1708.0,958.0,Stage2,267.0,224.0,831.0,660.0
iris-stage-2-28-_png.rf.806848065783ffffce14f4c7d6d02e74.jpg,1708.0,958.0,Stage2,419.0,229.0,951.0,586.0
stage2-21-_jpg.rf.87b0597da2ff02af01bacf493bea5bc6.jpg,640.0,480.0,Stage2,176.0,130.0,470.0,311.0
stage2-27-_png.rf.75788637b728a4f859f450fbc0b390a3.jpg,640.0,480.0,Stage2,209.0,119.0,429.0,268.0
stage2-56-_jpg.rf.8b0fbcea1d3dc671839b9cbe6b80db14.jpg,640.0,480.0,Stage2,208.0,146.0,424.0,307.0
stage2-59-_jpg.rf.7a744da57108702b04e59781b089b90c.jpg,640.0,480.0,Stage2,249.0,155.0,415.0,255.0
stage2-11-_jpg.rf.7d39aec4620ca0eae5bd2e7d86eb6012.jpg,1024.0,768.0,Stage2,251.0,196.0,742.0,526.0
stage2-33-_png.rf.8940e7df69c7c1763a9a7cc4b2f311c2.jpg,640.0,480.0,Stage2,170.0,150.0,435.0,319.0
stage2-55-_jpg.rf.7b6049baaf46cf9ce4a33cbdb20d2dad.jpg,640.0,480.0,Stage2,100.0,126.0,317.0,289.0
stage2-41-_jpg.rf.7bb6d1b6cc02884c1d9fabcc0b2bc88c.jpg,640.0,480.0,Stage2,215.0,135.0,451.0,262.0
stage2-34-_png.rf.8c93a7eb6be593a83c685d28de4e1caf.jpg,640.0,480.0,Stage2,166.0,150.0,447.0,318.0
stage2-12-_jpg.rf.76b5321ed0e178d3d7670ff106d75cda.jpg,1024.0,768.0,Stage2,196.0,161.0,801.0,553.0
stage2-60-_jpg.rf.7deef146f416b9c1ffeb766d3f9cd26c.jpg,640.0,480.0,Stage2,223.0,160.0,417.0,310.0
iris-stage-2-22-_png.rf.7f8bd7098fd19c20c7c94ae64f4ebba7.jpg,1708.0,958.0,Stage2,623.0,196.0,1057.0,523.0
iris-stage-2-36-_png.rf.82d6e0f06acc70e28b9f3837cc40e88e.jpg,1708.0,958.0,Stage2,497.0,183.0,1113.0,560.0
iris-stage-2-89-_png.rf.8545491c255dfc44ff1d8bd80a283594.jpg,1708.0,958.0,Stage2,651.0,311.0,1070.0,751.0
iris-stage-2-10-_png.rf.8bf22d6d71359153a097a70bc9ce91b4.jpg,1708.0,958.0,Stage2,524.0,267.0,1006.0,617.0
iris-stage-2-63-_png.rf.913929e466e0842c51362650269c77f1.jpg,1708.0,958.0,Stage2,256.0,184.0,816.0,631.0
stage2-25-_png.rf.78b5b0be6f71979af9243c53941ea1fd.jpg,1290.0,956.0,Stage2,210.0,201.0,800.0,621.0
iris-stage-2-69-_png.rf.91662c01e8bca76fd6a33a294fa124e8.jpg,1708.0,958.0,Stage2,524.0,247.0,1149.0,724.0
stage2-34-_jpg.rf.932acec746e0592544a5efd3a0d7bb35.jpg,1024.0,768.0,Stage2,327.0,160.0,704.0,560.0
iris-stage-2-65-_png.rf.93777e7b136bcfe975f1268774d8e59f.jpg,1708.0,958.0,Stage2,857.0,184.0,1363.0,581.0
stage2-17-_png.rf.986afa4c4bb46f1ad58e8531fa3b0e3f.jpg,640.0,480.0,Stage2,292.0,161.0,436.0,316.0
stage2-18-_jpg.rf.91792f08f742109558e253f21275f42b.jpg,640.0,480.0,Stage2,187.0,117.0,457.0,296.0
iris-stage-2-62-_png.rf.920abc409e802bbb8a5d7aab3e910f32.jpg,1708.0,958.0,Stage2,427.0,226.0,1096.0,690.0
iris-stage-2-13-_png.rf.a1f4c68796035aaef379018731df948d.jpg,1708.0,958.0,Stage2,497.0,190.0,1229.0,637.0
stage2-21-_png.rf.809e1a2a32897507197b03fc3c711f66.jpg,640.0,480.0,Stage2,197.0,126.0,395.0,305.0
stage2-52-_jpg.rf.9c04e028b89039de9aadecf37b497add.jpg,640.0,480.0,Stage2,239.0,123.0,431.0,299.0
iris-stage-2-85-_png.rf.a30ee34211757a046d4376fd11c0e3a7.jpg,1708.0,958.0,Stage2,597.0,229.0,1146.0,617.0
stage2-15-_png.rf.9c034211e071f5e81ab6ad946e611bfb.jpg,640.0,480.0,Stage2,197.0,131.0,452.0,353.0
iris-stage-2-86-_png.rf.9ab3070c268084ade8f101a746d1aa4d.jpg,1708.0,958.0,Stage2,579.0,277.0,1014.0,630.0
iris-stage-2-21-_png.rf.9e6c764d991641035098332dff5991da.jpg,1708.0,958.0,Stage2,493.0,161.0,1007.0,467.0
iris-stage-2-26-_png.rf.a574d75e1b20248e6249a430e0beff79.jpg,1708.0,958.0,Stage2,563.0,201.0,1106.0,551.0
iris-stage-2-95-_png.rf.aa79250c8f9db6f67b98037348cdbf22.jpg,1708.0,958.0,Stage2,579.0,199.0,1084.0,649.0
iris-stage-2-96-_png.rf.aad1a1fc31baecc16d18fd4213a83146.jpg,1708.0,958.0,Stage2,574.0,206.0,1067.0,537.0
iris-stage-2-29-_png.rf.93d099545f516f469c92ad0d3b52bc9b.jpg,1708.0,958.0,Stage2,599.0,271.0,1096.0,686.0
stage2-58-_jpg.rf.ae91b263f134eeef08f1b7ba03f5955e.jpg,640.0,480.0,Stage2,174.0,149.0,466.0,333.0
stage2-45-_jpg.rf.a3b2fc62716d1e558c2572ba5eff56b9.jpg,640.0,480.0,Stage2,289.0,181.0,464.0,320.0
stage2-51-_jpg.rf.a6b29c465e1a49d062528ad5d0440b2b.jpg,640.0,480.0,Stage2,176.0,133.0,380.0,273.0
stage2-8-_png.rf.9c8bbb89529c96e5fd6d066ec2ca8cff.jpg,1290.0,956.0,Stage2,319.0,166.0,969.0,634.0
iris-stage-2-73-_png.rf.adaf929217c40078cd13a5e562e0e7d0.jpg,1708.0,958.0,Stage2,543.0,206.0,1149.0,591.0
stage2-28-_png.rf.9a6afe050f519cad0358c423b458546c.jpg,640.0,480.0,Stage2,167.0,134.0,414.0,304.0
iris-stage-2-8-_png.rf.b1717d7ea9d280285b72f22ac091e3dd.jpg,1708.0,958.0,Stage2,484.0,286.0,1049.0,781.0
stage2-20-_png.rf.af70668b4f80447a62a84162295762cb.jpg,640.0,480.0,Stage2,229.0,134.0,427.0,269.0
iris-stage-2-53-_png.rf.9efbfa4ce036101924668b036417f43a.jpg,1708.0,958.0,Stage2,527.0,224.0,1144.0,617.0
iris-stage-2-11-_png.rf.af3bc23a48969046257ff32633a923d1.jpg,1708.0,958.0,Stage2,503.0,249.0,1177.0,744.0
stage2-53-_jpg.rf.a6c48b6df925ae857894051327e4a3fb.jpg,640.0,480.0,Stage2,100.0,120.0,280.0,281.0
iris-stage-2-9-_png.rf.a660632247c2fa0835fe6ef53d9baea4.jpg,1708.0,958.0,Stage2,251.0,249.0,693.0,677.0
iris-stage-2-48-_png.rf.b30980da4e953e40df63697df6021ca8.jpg,1708.0,958.0,Stage2,256.0,213.0,840.0,684.0
stage2-48-_jpg.rf.bb668a0fba5b947eb277148e15aecec7.jpg,1024.0,768.0,Stage2,39.0,163.0,501.0,452.0
stage2-22-_png.rf.b20b3b87d682cd92b9fe9c1dd978040d.jpg,640.0,480.0,Stage2,204.0,126.0,391.0,304.0
stage2-4-_png.rf.b18eced428fac2b27e6d68e025a2ddc3.jpg,640.0,480.0,Stage2,165.0,121.0,471.0,320.0
stage2-13-_png.rf.bba46c7c92230cb41b578397aa4a4b3f.jpg,640.0,480.0,Stage2,198.0,131.0,454.0,353.0
stage2-9-_png.rf.b4bc35648e3fd23aee749c0f6510c8fa.jpg,640.0,480.0,Stage2,179.0,124.0,471.0,308.0
stage2-14-_png.rf.c4aa26a08e2bb2fa60cb5f3f6898b5d0.jpg,640.0,480.0,Stage2,206.0,136.0,462.0,360.0
stage2-3-_jpg.rf.bfd576be39136655d35c1f367fbda7bb.jpg,640.0,480.0,Stage2,159.0,161.0,426.0,354.0
stage2-29-_jpg.rf.c350157fc071e19eb90ab7a2c7f21510.jpg,640.0,480.0,Stage2,226.0,133.0,433.0,271.0
iris-stage-2-24-_png.rf.c8814f0660b6631f761a98d91646d21d.jpg,1708.0,958.0,Stage2,253.0,181.0,731.0,466.0
stage2-24-_jpg.rf.c95dbdb4add5185883463f6c31ac186b.jpg,1024.0,768.0,Stage2,350.0,193.0,737.0,460.0
iris-stage-2-71-_png.rf.bed3e793f169ac1d6c388fe24363dbdd.jpg,1708.0,958.0,Stage2,869.0,179.0,1447.0,614.0
iris-stage-2-41-_png.rf.d3b53b24fee35c597f8f874dcc1fb135.jpg,1708.0,958.0,Stage2,483.0,194.0,1164.0,524.0
iris-stage-2-15-_png.rf.ca2f5ae2d1486b40e68530424483ef63.jpg,1708.0,958.0,Stage2,413.0,229.0,1181.0,749.0
stage2-43-_jpg.rf.c0fa7c68d804c777c76796978595d4f4.jpg,1024.0,768.0,Stage2,268.0,204.0,626.0,486.0
iris-stage-2-42-_png.rf.ae100c2584b85f5681be08d55a8b9a22.jpg,1708.0,958.0,Stage2,613.0,323.0,1163.0,804.0
stage2-54-_jpg.rf.ca14594a3d2627f83d8c24b008f1dc5c.jpg,640.0,480.0,Stage2,198.0,122.0,439.0,279.0
iris-stage-2-23-_png.rf.d9e03cbac95fe4389d3e3426b47ad048.jpg,1708.0,958.0,Stage2,484.0,176.0,1064.0,577.0
iris-stage-2-43-_png.rf.d228b268d430c03d032d4e7b54aee6b7.jpg,1708.0,958.0,Stage2,573.0,177.0,1053.0,459.0
stage2-38-_jpg.rf.d1433d576cb9266996976e825f97a89d.jpg,640.0,480.0,Stage2,123.0,136.0,404.0,298.0
iris-stage-2-64-_png.rf.ca7ed7ff219fdc6838bc0efbee09a3d9.jpg,1708.0,958.0,Stage2,460.0,186.0,1137.0,617.0
iris-stage-2-91-_png.rf.c569790dc7a8e9e8c6e124016cc8485e.jpg,1708.0,958.0,Stage2,651.0,313.0,1164.0,697.0
iris-stage-2-46-_png.rf.d19e523d1019b8b90b036e5a95988ac0.jpg,1708.0,958.0,Stage2,954.0,153.0,1350.0,489.0
stage2-25-_jpg.rf.da18c00e0f026a7fff4503a480e03c90.jpg,1024.0,768.0,Stage2,257.0,193.0,829.0,528.0
iris-stage-2-68-_png.rf.c72f869aac10224402cbce86dde3f8ad.jpg,1708.0,958.0,Stage2,503.0,260.0,1157.0,717.0
iris-stage-2-87-_png.rf.c8766cb9c9fb609f56a2b8f9061b1401.jpg,1708.0,958.0,Stage2,561.0,241.0,990.0,583.0
stage2-20-_jpg.rf.dd8f75a28851a2b1f09dadce67a615ea.jpg,1024.0,768.0,Stage2,38.0,148.0,504.0,510.0
iris-stage-2-57-_png.rf.c4bc7f07bbe1781852a7894a1c5b0a70.jpg,1708.0,958.0,Stage2,486.0,206.0,1111.0,649.0
iris-stage-2-12-_png.rf.d50793414557f3f0c7e10a05e088f4c7.jpg,1708.0,958.0,Stage2,527.0,221.0,1189.0,709.0
iris-stage-2-37-_png.rf.df50b93321b01093e890e855b278301a.jpg,1708.0,958.0,Stage2,551.0,174.0,1157.0,530.0
stage2-1-_png.rf.ce7ccb976cf64f780d826ed504b770b9.jpg,640.0,480.0,Stage2,173.0,131.0,453.0,293.0
stage2-12-_png.rf.cb816141d7db77d79929bbc9bbb74ccb.jpg,640.0,480.0,Stage2,229.0,123.0,421.0,281.0
iris-stage-2-102-_png.rf.dfee73318fb4967460cb5ae7ac6a59f6.jpg,1708.0,958.0,Stage2,346.0,257.0,841.0,681.0
iris-stage-2-3-_png.rf.db2109e62398a55be02aec8c7d9f3bd2.jpg,1708.0,958.0,Stage2,294.0,211.0,761.0,473.0
stage2-23-_png.rf.e52154b917b6ff45cf497036e7f407f6.jpg,640.0,480.0,Stage2,216.0,134.0,449.0,263.0
stage2-10-_jpg.rf.e8687dd4485847b1bbca383bac3f7416.jpg,640.0,480.0,Stage2,175.0,180.0,455.0,321.0
iris-stage-2-88-_png.rf.e51565cd72c34b3d76e4d3ccb0b3c7e1.jpg,1708.0,958.0,Stage2,563.0,261.0,1040.0,637.0
iris-stage-2-78-_png.rf.e439357580654ebfad81e2911f200b3e.jpg,1708.0,958.0,Stage2,536.0,294.0,1027.0,641.0
stage2-4-_jpg.rf.ebcfa3a1bde5b97fe1c9ad711fb4a3cd.jpg,1024.0,768.0,Stage2,211.0,146.0,771.0,518.0
iris-stage-2-80-_png.rf.f1be6ae230548e4487c60ff02d83f42e.jpg,1708.0,958.0,Stage2,510.0,161.0,1180.0,517.0
iris-stage-2-90-_png.rf.aed273dff0ace7358563ac394cd6bc27.jpg,1708.0,958.0,Stage2,561.0,253.0,1013.0,689.0
stage2-19-_png.rf.e8bc6952b2d9b355729647723a5d9005.jpg,1290.0,956.0,Stage2,284.0,199.0,829.0,609.0
stage2-28-_jpg.rf.e5a9b77dd09a2e95bf1de01ffd360b5f.jpg,640.0,480.0,Stage2,330.0,134.0,553.0,281.0
iris-stage-2-100-_png.rf.ec5bd54db25946b938206af19ab70b4e.jpg,1708.0,958.0,Stage2,540.0,187.0,1117.0,609.0
iris-stage-2-31-_png.rf.f21a4318521ab0cb25494187f79d9a92.jpg,1708.0,958.0,Stage2,569.0,247.0,977.0,587.0
iris-stage-2-72-_png.rf.f69942cc0882c8b78859f5465032855d.jpg,1708.0,958.0,Stage2,549.0,329.0,1127.0,806.0
iris-stage-2-67-_png.rf.fcd46becf0ac6f8449274cf599873d12.jpg,1708.0,958.0,Stage2,599.0,219.0,1137.0,556.0
stage2-23-_jpg.rf.fbe25f4dfbc50343a6b5ecf06397225a.jpg,640.0,480.0,Stage2,206.0,125.0,462.0,293.0
iris-stage-2-98-_png.rf.fa06af49164c6036a41db3b457778003.jpg,1708.0,958.0,Stage2,540.0,319.0,1021.0,641.0
iris-stage-2-45-_png.rf.fedcdb9523152c8150510a835700bd05.jpg,1708.0,958.0,Stage2,523.0,153.0,919.0,474.0
iris-stage-2-93-_png.rf.f79211054a9bb33fb0735e7f23ce62b0.jpg,1708.0,958.0,Stage2,560.0,226.0,1026.0,623.0
iris-stage-2-6-_png.rf.fd8660eb2200def799485dcbd4e30a60.jpg,1708.0,958.0,Stage2,564.0,221.0,1150.0,659.0
stage2-35-_jpg.rf.ec42f50ce4fc43c5d2c84c32b653c3cf.jpg,640.0,480.0,Stage2,174.0,161.0,419.0,347.0
iris-stage-2-60-_png.rf.fa4d3b09c3d7ee526e63a926bb3f7219.jpg,1708.0,958.0,Stage2,473.0,237.0,1117.0,694.0
stage3-22-_jpg.rf.7a62fe60b584b482b7ced40a5fc8ff2f.jpg,640.0,480.0,Stage3,112.0,129.0,321.0,292.0
stage3-28-_jpg.rf.477d84adfbe038c7cf5aa732f624dd63.jpg,1024.0,768.0,Stage3,286.0,151.0,726.0,493.0
stage3-10-_jpg.rf.f177f2da83068516729bee4b069a7b22.jpg,640.0,480.0,Stage3,146.0,128.0,511.0,356.0
iris-stage-3-50-_png.rf.7b2c4d58a2e88b38743a28647ce7145e.jpg,1708.0,958.0,Stage3,351.0,176.0,1133.0,716.0
stage3-19-_jpg.rf.6eb52f6e1a9d389992b4c09754b3cab0.jpg,640.0,480.0,Stage3,196.0,150.0,406.0,294.0
stage3-39-_jpg.rf.5505d78e23cbffae77b761f63459f553.jpg,640.0,480.0,Stage3,158.0,127.0,363.0,261.0
stage3-37-_jpg.rf.a690338ba32bd72d91cfd8cc1782cf9f.jpg,640.0,480.0,Stage3,201.0,144.0,378.0,266.0
iris-stage-3-97-_png.rf.d72e708564ecbb094dfb15f2072403ff.jpg,1708.0,958.0,Stage3,581.0,259.0,1114.0,649.0
stage3-27-_jpg.rf.7cef1d64b4a88230101318cddcc0e388.jpg,640.0,480.0,Stage3,169.0,127.0,435.0,300.0
stage3-19-_png.rf.3b359aa2ffef091f40021277a0524a45.jpg,640.0,480.0,Stage3,190.0,141.0,416.0,291.0
iris-stage-3-42-_png.rf.099154d54d40485cffb649c6459a5027.jpg,1708.0,958.0,Stage3,593.0,177.0,1100.0,447.0
stage3-27-_png.rf.6f8c14833a6365bdd46374b87b09ad41.jpg,640.0,480.0,Stage3,181.0,136.0,366.0,276.0
stage3-43-_jpg.rf.ef6c26bbc715137e2a3edd58f7bbf7d0.jpg,640.0,480.0,Stage3,177.0,146.0,402.0,284.0
stage3-15-_png.rf.2e6851e93cb9c317e336985f202e7980.jpg,640.0,480.0,Stage3,187.0,136.0,509.0,369.0
iris-stage-3-9-_png.rf.a67773f064bfacd0f89ca0418182f7b7.jpg,1708.0,958.0,Stage3,540.0,386.0,1003.0,729.0
stage3-20-_png.rf.820910ebbb99e6c409aae98eb52813f5.jpg,640.0,480.0,Stage3,231.0,137.0,440.0,306.0
stage3-35-_jpg.rf.374cb26f3089f230e4135fe38ea2e1de.jpg,640.0,480.0,Stage3,183.0,164.0,360.0,290.0
stage3-6-_png.rf.2abbf7a69c28ff67f5efa191ff8575ac.jpg,640.0,480.0,Stage3,236.0,137.0,411.0,251.0
iris-stage-3-58-_png.rf.87f0fd011b8ee92d3571316121843157.jpg,1708.0,958.0,Stage3,490.0,273.0,1209.0,750.0
stage3-9-_jpg.rf.9d3ee84d122e5a39384c6f213733b315.jpg,640.0,480.0,Stage3,177.0,136.0,430.0,286.0
iris-stage-3-44-_png.rf.ffaa7208dc573f819badb15fcb726c3c.jpg,1708.0,958.0,Stage3,251.0,211.0,821.0,540.0
iris-stage-3-81-_png.rf.87783452a7cef31f31635a4ecb465eaf.jpg,1708.0,958.0,Stage3,661.0,184.0,1263.0,681.0
iris-stage-3-91-_png.rf.312f77d555fb13f8c5ef2d7fb6b20282.jpg,1708.0,958.0,Stage3,496.0,243.0,1099.0,590.0
iris-stage-3-65-_png.rf.a537985589387ab2d801e138141c6ac9.jpg,1708.0,958.0,Stage3,647.0,214.0,1034.0,520.0
stage3-16-_png.rf.29148ffe6f3e5684192a1b428beb0bd0.jpg,640.0,480.0,Stage3,222.0,138.0,451.0,301.0
stage3-35-_png.rf.7eb50e46fd30cf3d95e218a56a289cc1.jpg,640.0,480.0,Stage3,230.0,131.0,441.0,317.0
stage3-11-_jpg.rf.139a937f7fee8c5b1c84ff35a92feeda.jpg,640.0,480.0,Stage3,328.0,124.0,554.0,300.0
stage3-34-_jpg.rf.99f7a0e516f087d95e0c297b8da4b760.jpg,640.0,480.0,Stage3,241.0,184.0,405.0,306.0
stage3-26-_jpg.rf.b1e4e18dfbffaaab6875398cff48d826.jpg,640.0,480.0,Stage3,196.0,170.0,429.0,325.0
iris-stage-3-16-_png.rf.c179817b328d85a0127cfd09bb1c86de.jpg,1708.0,958.0,Stage3,531.0,196.0,1066.0,564.0
iris-stage-3-21-_png.rf.0a2960e3b70c8cacb5d11f22d5431d21.jpg,1708.0,958.0,Stage3,501.0,163.0,977.0,479.0
stage3-30-_jpg.rf.6c5aeb42e0ca21fccc0be810bde78bc3.jpg,640.0,480.0,Stage3,191.0,169.0,372.0,346.0
stage3-18-_jpg.rf.3ac0ea77db2e80d080abd60028256eb4.jpg,1024.0,768.0,Stage3,361.0,172.0,743.0,402.0
stage3-20-_jpg.rf.ac1c335e00398bc43befccea07893296.jpg,640.0,480.0,Stage3,174.0,138.0,456.0,319.0
iris-stage-3-17-_png.rf.898a8a910205e7fe24b45490221abd90.jpg,1708.0,958.0,Stage3,866.0,193.0,1451.0,536.0
iris-stage-3-75-_png.rf.01bc41cdd8145fea1d44019036c87d9e.jpg,1708.0,958.0,Stage3,587.0,316.0,1103.0,630.0
stage3-36-_png.rf.dd235227e0fdfe28e71c33602ff0ad1a.jpg,640.0,480.0,Stage3,241.0,138.0,436.0,312.0
stage3-31-_jpg.rf.dc9be99f5f72172325d709f3d02ed7a4.jpg,640.0,480.0,Stage3,204.0,139.0,435.0,292.0
stage3-15-_jpg.rf.fb15649722f1046dd08f74f3b69f00d3.jpg,640.0,480.0,Stage3,196.0,128.0,458.0,294.0
iris-stage-3-48-_png.rf.096e7e0686ad084dd916a994ff868160.jpg,1708.0,958.0,Stage3,550.0,241.0,1146.0,661.0
iris-stage-3-84-_png.rf.c9e0351e27ff6b259f129129fccfecd1.jpg,1708.0,958.0,Stage3,250.0,189.0,813.0,577.0
stage3-17-_jpg.rf.7834c39e1e7c23c7977761fc86e2279a.jpg,640.0,480.0,Stage3,215.0,129.0,439.0,275.0
stage3-1-_jpg.rf.4147f408e08d4cb81b284831b36a6c66.jpg,640.0,480.0,Stage3,154.0,138.0,348.0,265.0
iris-stage-3-54-_png.rf.01322bc4b3feeb7bc39755a2697daed1.jpg,1708.0,958.0,Stage3,454.0,169.0,1154.0,599.0
stage3-24-_png.rf.40112e9930b9e2f725af668388a45e00.jpg,640.0,480.0,Stage3,178.0,169.0,352.0,284.0
stage3-23-_jpg.rf.a1c497190ce35ee32c26c69808814345.jpg,1024.0,768.0,Stage3,259.0,146.0,730.0,498.0
iris-stage-3-59-_png.rf.2646bb82fe03f29b4cdb1cc1a296fd75.jpg,1708.0,958.0,Stage3,477.0,234.0,1170.0,726.0
iris-stage-3-71-_png.rf.e684d0ec5fb8c9ed65161832f3c1ef60.jpg,1708.0,958.0,Stage3,303.0,189.0,851.0,476.0
stage3-5-_png.rf.fc6e6ba4ef5b463c662b5e95cfe55401.jpg,640.0,480.0,Stage3,228.0,137.0,394.0,256.0
iris-stage-3-67-_png.rf.b04d5ace0a09e570c33237114738d372.jpg,1708.0,958.0,Stage3,694.0,253.0,1140.0,564.0
iris-stage-3-14-_png.rf.30234fd816a15328e2448539991abc7b.jpg,1708.0,958.0,Stage3,253.0,189.0,770.0,529.0
stage3-13-_png.rf.09b5697eb8a26953fb82bb4d8aeb5282.jpg,640.0,480.0,Stage3,238.0,134.0,433.0,284.0
iris-stage-3-47-_png.rf.f6ef4f1382b1df331c8ab595c2b134a0.jpg,1708.0,958.0,Stage3,549.0,234.0,881.0,543.0
stage3-23-_png.rf.025b6e98fff91313d1cc5f518244c327.jpg,640.0,480.0,Stage3,216.0,126.0,448.0,275.0
iris-stage-3-77-_png.rf.749d4002bc6f19c179f2b7fff6ee47e1.jpg,1708.0,958.0,Stage3,524.0,336.0,1104.0,681.0
iris-stage-3-69-_png.rf.1f78d4ba15b08b8796633615e41e80c8.jpg,1708.0,958.0,Stage3,659.0,276.0,1094.0,550.0
iris-stage-3-83-_png.rf.7c06444086a12e9bb11e759e59f9a31a.jpg,1708.0,958.0,Stage3,493.0,193.0,1226.0,659.0
iris-stage-3-92-_png.rf.2a30b41e8c1c37511ac05226992f46eb.jpg,1708.0,958.0,Stage3,306.0,193.0,789.0,534.0
iris-stage-3-96-_png.rf.d2a5a7bb65e66cc712cd4859304237c7.jpg,1708.0,958.0,Stage3,737.0,270.0,1061.0,561.0
iris-stage-3-13-_png.rf.cf84fe0caa537013f9622c985c5f13d4.jpg,1708.0,958.0,Stage3,856.0,191.0,1334.0,571.0
iris-stage-3-32-_png.rf.c39e91b48835ef3cbcf667355150d24b.jpg,1708.0,958.0,Stage3,487.0,223.0,1047.0,563.0
stage3-16-_jpg.rf.07380a9c962f3fcf7b363f8e14ca90fd.jpg,640.0,480.0,Stage3,99.0,131.0,309.0,267.0
stage3-30-_png.rf.abf43c9081d668042835577f045510dc.jpg,640.0,480.0,Stage3,150.0,144.0,436.0,303.0
iris-stage-3-23-_png.rf.f1c8b4eb8436af660cc5c68f5dc7fec9.jpg,1708.0,958.0,Stage3,497.0,154.0,1066.0,493.0
iris-stage-3-53-_png.rf.7af42c05343c8c32a3c7377cebbe0367.jpg,1708.0,958.0,Stage3,441.0,189.0,1173.0,709.0
iris-stage-3-74-_png.rf.3358287b66c9216e60f690d8b23797bb.jpg,1708.0,958.0,Stage3,349.0,300.0,844.0,630.0
stage3-26-_png.rf.e0d6049e43ba9802b469a1063fd140b3.jpg,640.0,480.0,Stage3,175.0,132.0,369.0,279.0
iris-stage-3-100-_png.rf.e64a29599f09f7db5063f8dac3510186.jpg,1708.0,958.0,Stage3,534.0,224.0,1047.0,540.0
stage3-18-_png.rf.6cbaefcb6877a5dc970220787f1ca913.jpg,640.0,480.0,Stage3,193.0,141.0,453.0,336.0
iris-stage-3-82-_png.rf.e00cf40df4281fe333f076808266ebd2.jpg,1708.0,958.0,Stage3,494.0,189.0,1137.0,633.0
iris-stage-3-93-_png.rf.22847d44c931426a1717c1c325523fe7.jpg,1708.0,958.0,Stage3,849.0,290.0,1394.0,620.0
iris-stage-3-63-_png.rf.2f8a5d09621930df381df20971360328.jpg,1708.0,958.0,Stage3,570.0,207.0,1136.0,607.0
iris-stage-3-31-_png.rf.5bc3cee36f89b3d12b8b8a3216ee088d.jpg,1708.0,958.0,Stage3,256.0,220.0,734.0,493.0
iris-stage-3-38-_png.rf.47e85e8e99bc674d412c0019544b6227.jpg,1708.0,958.0,Stage3,256.0,223.0,786.0,637.0
iris-stage-3-28-_png.rf.77cb9d23961d5a8b499159edcea4b85a.jpg,1708.0,958.0,Stage3,559.0,204.0,1144.0,504.0
iris-stage-3-19-_png.rf.e2f54ef98d6becd908c4798290e0ddc6.jpg,1708.0,958.0,Stage3,561.0,161.0,1110.0,491.0
stage3-17-_png.rf.07a3e99c1d3361eb7a4b71f19cd9e389.jpg,1290.0,956.0,Stage3,300.0,190.0,931.0,580.0
stage3-29-_jpg.rf.bc3451a0add0b31af1530fc361e72694.jpg,640.0,480.0,Stage3,209.0,119.0,438.0,266.0
iris-stage-3-89-_png.rf.458a6084a720cec4f37049b4602fc2d6.jpg,1708.0,958.0,Stage3,454.0,236.0,1127.0,711.0
iris-stage-3-29-_png.rf.74f3bac3d65442410239769aa9fdeb8e.jpg,1708.0,958.0,Stage3,291.0,221.0,840.0,591.0
iris-stage-3-43-_png.rf.2f0dd64d6e827bf1fac85ceea2b0fcf1.jpg,1708.0,958.0,Stage3,589.0,180.0,1113.0,453.0
iris-stage-3-76-_png.rf.98dc6a9134ae68fe22420f8def6bf8e9.jpg,1708.0,958.0,Stage3,266.0,349.0,826.0,693.0
stage3-4-_jpg.rf.6647c25982c88050bc6fd6d6236c9a7e.jpg,640.0,480.0,Stage3,158.0,131.0,485.0,368.0
iris-stage-3-12-_png.rf.710a3f8743048f74f66dbe25777f3541.jpg,1708.0,958.0,Stage3,856.0,180.0,1370.0,674.0
iris-stage-3-66-_png.rf.3b9c2e0bc955ee306d89a1f000a19741.jpg,1708.0,958.0,Stage3,637.0,249.0,1010.0,550.0
stage3-24-_jpg.rf.1659c3d7e0a24ab7e076a79ecbb56d4f.jpg,640.0,480.0,Stage3,210.0,132.0,435.0,293.0
iris-stage-3-40-_png.rf.17a1c25b15f01db9f48fc1e24b5f5e3e.jpg,1708.0,958.0,Stage3,471.0,379.0,956.0,633.0
stage3-34-_png.rf.89b619f4117db4d372c98ce6ce705638.jpg,640.0,480.0,Stage3,234.0,136.0,439.0,319.0
iris-stage-3-88-_png.rf.2cdc4c48fb1631741b5cf8cacb724480.jpg,1708.0,958.0,Stage3,873.0,187.0,1421.0,551.0
stage3-11-_png.rf.1762cc4484c51cd50cf3add59d1a86f4.jpg,640.0,480.0,Stage3,225.0,139.0,429.0,289.0
iris-stage-3-7-_png.rf.2b4ef13cc16d7bb48592d910982d3962.jpg,1708.0,958.0,Stage3,513.0,319.0,1009.0,703.0
iris-stage-3-64-_png.rf.fb141ae7f7cce262fd34ba8f38ea941e.jpg,1708.0,958.0,Stage3,650.0,216.0,1061.0,537.0
stage3-10-_png.rf.5f2d0ed1738e318f33d0b5ddfd2c55e7.jpg,640.0,480.0,Stage3,242.0,135.0,401.0,264.0
stage3-2-_jpg.rf.6e48587ad52b258983e3399652b4cfcc.jpg,640.0,480.0,Stage3,229.0,141.0,430.0,319.0
iris-stage-3-73-_png.rf.43082eb6b7a992afcc4b5152225b8f04.jpg,1708.0,958.0,Stage3,576.0,209.0,1093.0,476.0
stage3-21-_png.rf.9f00061e405cfa08a665c3d3cbfc09f3.jpg,640.0,480.0,Stage3,168.0,121.0,393.0,311.0
stage3-14-_png.rf.d4b0c8cee37770aec1d2aab18ecaf6fe.jpg,640.0,480.0,Stage3,190.0,135.0,494.0,364.0
iris-stage-3-87-_png.rf.2212e82dfb7beb9636804d41180149cc.jpg,1708.0,958.0,Stage3,594.0,194.0,1149.0,561.0
stage3-3-_jpg.rf.ff6f0786641d3a9fd4ce9e4baa394083.jpg,640.0,480.0,Stage3,98.0,134.0,324.0,366.0
stage3-31-_png.rf.c66ce73d56fc0f6bf0779a3e0cf27ec0.jpg,640.0,480.0,Stage3,142.0,141.0,408.0,304.0
stage3-38-_jpg.rf.7f16d2ca2a24fafb24d02229623e0f00.jpg,640.0,480.0,Stage3,207.0,152.0,401.0,311.0
iris-stage-3-101-_png.rf.fa22685b9f913c0771f65b2daf98e49c.jpg,1708.0,958.0,Stage3,551.0,231.0,1047.0,550.0
stage3-33-_png.rf.c987f955d1ae7d1ee81d747f9e68e9e8.jpg,640.0,480.0,Stage3,228.0,176.0,425.0,341.0
stage3-36-_jpg.rf.ef887bb9432ade40367191a4f50df685.jpg,640.0,480.0,Stage3,179.0,166.0,362.0,276.0
iris-stage-3-52-_png.rf.2de3c4fa186b8b57a433de4685ccec4a.jpg,1708.0,958.0,Stage3,424.0,207.0,1234.0,686.0
stage3-44-_jpg.rf.549cc4d9c658ef237c0abe6df0a99ef6.jpg,640.0,480.0,Stage3,194.0,146.0,421.0,322.0
stage3-8-_png.rf.d2d7f70b7e1f152162e77e66fd582c1f.jpg,640.0,480.0,Stage3,226.0,137.0,398.0,265.0
iris-stage-3-51-_png.rf.b9e45696755b7cda0eb9e93834dfd970.jpg,1708.0,958.0,Stage3,264.0,204.0,853.0,626.0
iris-stage-3-56-_png.rf.8c0284ca78c4e5889bf6af34c410b9e2.jpg,1708.0,958.0,Stage3,440.0,170.0,1207.0,691.0
iris-stage-3-98-_png.rf.dd57d1bf8f9241acd621398194796d49.jpg,1708.0,958.0,Stage3,550.0,233.0,1054.0,553.0
stage3-41-_jpg.rf.17fc034e5c8ace08081c864fd73b9009.jpg,640.0,480.0,Stage3,184.0,120.0,416.0,274.0
iris-stage-3-95-_png.rf.2de32ea47ebbec7f8694413036942f47.jpg,1708.0,958.0,Stage3,741.0,271.0,1126.0,580.0
iris-stage-3-103-_png.rf.390a902d7d122e1d6d9436e7e074d866.jpg,1708.0,958.0,Stage3,617.0,241.0,1057.0,531.0
stage3-12-_jpg.rf.37fdcc688638681bb763e0c72c35c62c.jpg,640.0,480.0,Stage3,219.0,124.0,441.0,231.0
stage3-25-_png.rf.96832cd689e33cfd340751fe39ea4892.jpg,1290.0,956.0,Stage3,283.0,233.0,790.0,637.0
iris-stage-3-8-_png.rf.4573655ed105b9245fb0a75bc0cc0bae.jpg,1708.0,958.0,Stage3,443.0,324.0,916.0,763.0
iris-stage-3-62-_png.rf.5d868ff10feef9366126230551f53733.jpg,1708.0,958.0,Stage3,853.0,180.0,1436.0,610.0
iris-stage-3-24-_png.rf.352ca63c2303e3498cf49860a292ceda.jpg,1708.0,958.0,Stage3,577.0,191.0,1156.0,504.0
iris-stage-3-90-_png.rf.fb048c88e58e47d5e5e548ae10349cf6.jpg,1708.0,958.0,Stage3,550.0,194.0,1127.0,540.0
iris-stage-3-2-_png.rf.7aaabd35844cf6c1fac109d299c50a54.jpg,1502.0,934.0,Stage3,393.0,181.0,853.0,566.0
iris-stage-3-78-_png.rf.dae5948fae00c26d0676f01b9cd84d5e.jpg,1708.0,958.0,Stage3,490.0,273.0,969.0,566.0
stage3-6-_jpg.rf.8327db3958e910288177bb13e8dc6ed4.jpg,640.0,480.0,Stage3,196.0,156.0,439.0,340.0
iris-stage-3-41-_png.rf.cb96cac0a91be23270eb4bb2c5475cc4.jpg,1708.0,958.0,Stage3,683.0,411.0,1150.0,671.0
stage3-32-_jpg.rf.035ec3a33e35843ec48735f29990cba2.jpg,640.0,480.0,Stage3,229.0,169.0,372.0,293.0
iris-stage-3-60-_png.rf.076867adef46f79187f5b4aae1c594db.jpg,1708.0,958.0,Stage3,549.0,176.0,1189.0,614.0
iris-stage-3-10-_png.rf.3ef9316f995150fd27cbb1b5336c0a6b.jpg,1708.0,958.0,Stage3,261.0,373.0,696.0,690.0
iris-stage-3-36-_png.rf.90999a036f6ca77a0b22a2d5128b1c78.jpg,1708.0,958.0,Stage3,497.0,321.0,1089.0,656.0
iris-stage-3-1-_png.rf.c125bfc45731998464af17563b8d9039.jpg,1502.0,934.0,Stage3,334.0,164.0,917.0,591.0
stage3-21-_jpg.rf.8882600baa88a15f68ed4b8091fb94e8.jpg,640.0,480.0,Stage3,147.0,122.0,393.0,294.0
iris-stage-3-18-_png.rf.b946c95983aaedd7676b6c57082cc591.jpg,1708.0,958.0,Stage3,584.0,173.0,1140.0,527.0
iris-stage-3-86-_png.rf.daac7cba95e0ba281438f4b1630569e9.jpg,1708.0,958.0,Stage3,264.0,189.0,836.0,527.0
iris-stage-3-6-_png.rf.8a86835299086700a4c57bc71bc0de67.jpg,1708.0,958.0,Stage3,510.0,249.0,1134.0,706.0
stage3-1-_png.rf.d3b0684b07085e515fbbdc305651c456.jpg,640.0,480.0,Stage3,192.0,169.0,372.0,306.0
stage3-42-_jpg.rf.874d67b489f4ffdd75202a68b85c832c.jpg,640.0,480.0,Stage3,99.0,126.0,316.0,286.0
stage3-33-_jpg.rf.4625c979592168e60f23d3f4da4c2063.jpg,640.0,480.0,Stage3,199.0,195.0,354.0,318.0
stage3-7-_png.rf.a1fdb7ca012e2a9ef0a1040535571c27.jpg,640.0,480.0,Stage3,226.0,136.0,411.0,261.0
stage3-13-_jpg.rf.f5f5f8d6ff6e0298147e1a0d0bc29eb1.jpg,1024.0,768.0,Stage3,372.0,149.0,760.0,389.0
iris-stage-3-33-_png.rf.be9bf3f18bdc45984b7323fce03f4f41.jpg,1708.0,958.0,Stage3,643.0,220.0,1166.0,526.0
iris-stage-3-94-_png.rf.dad0be65d7f22e95a49867ecba408e4d.jpg,1708.0,958.0,Stage3,560.0,304.0,1087.0,626.0
iris-stage-3-46-_png.rf.de44fa47a030875aa42b1ea0bb3c6b0c.jpg,1708.0,958.0,Stage3,521.0,277.0,1157.0,660.0
iris-stage-3-5-_png.rf.bd67c7b6263c878923ab1b37f90d7365.jpg,1708.0,958.0,Stage3,576.0,264.0,1221.0,630.0
stage3-9-_png.rf.accd606044aaea85a2d5a21443db3129.jpg,640.0,480.0,Stage3,225.0,136.0,394.0,264.0
stage3-12-_png.rf.097693d4abf5dc0e633fb044fdba1919.jpg,640.0,480.0,Stage3,225.0,137.0,433.0,291.0
,,,,,,,
iris-stage-3-39-_png.rf.b3ea9f562950dafb6b5d46820298cfbb.jpg,1708.0,958.0,Stage3,910.0,227.0,1414.0,560.0
stage3-32-_png.rf.4518a163f23f5b4cb5c1aa92542f7882.jpg,640.0,480.0,Stage3,144.0,139.0,418.0,304.0
stage3-25-_jpg.rf.a521429514bbf89a8802576a0410acd8.jpg,1024.0,768.0,Stage3,327.0,264.0,822.0,588.0
iris-stage-3-25-_png.rf.f68a697b8ff8b7e3af0e8cec27bfadc3.jpg,1708.0,958.0,Stage3,614.0,234.0,1197.0,557.0
iris-stage-3-35-_png.rf.d5b5f85835c59845d940618ba20fece8.jpg,1708.0,958.0,Stage3,577.0,254.0,1189.0,553.0
stage3-8-_jpg.rf.919d30f61e772e6556521d611dfabeea.jpg,640.0,480.0,Stage3,221.0,161.0,420.0,317.0
stage3-5-_jpg.rf.d1e27f8aaec9c242ddcf256579912af9.jpg,1024.0,768.0,Stage3,208.0,178.0,741.0,590.0
stage3-14-_jpg.rf.a02a4770a71ce88dcc5762fe75826932.jpg,640.0,480.0,Stage3,209.0,125.0,429.0,269.0
iris-stage-3-57-_png.rf.d242f280f8c5f42ffac70a283424342f.jpg,1708.0,958.0,Stage3,250.0,169.0,831.0,643.0
stage3-4-_png.rf.8b58dd23ba9db63851feff2ec96205e9.jpg,640.0,480.0,Stage3,153.0,133.0,486.0,364.0
iris-stage-3-37-_png.rf.af271dcec2ebcb19090168a7bfb66b9b.jpg,1708.0,958.0,Stage3,534.0,203.0,1199.0,591.0
iris-stage-3-27-_png.rf.b6de78e3d07c6aa7629822fd88feb29e.jpg,1708.0,958.0,Stage3,530.0,230.0,1169.0,604.0
iris-stage-3-102-_png.rf.adffb4766b585b3d9239ba3c281a3e5b.jpg,1708.0,958.0,Stage3,509.0,290.0,1034.0,647.0
iris-stage-3-4-_png.rf.0d35ed8e438e59738e15a7c738ade3fc.jpg,1502.0,934.0,Stage3,343.0,236.0,760.0,559.0
iris-stage-3-11-_png.rf.e988cc375ecdea9c930b5f271234be4d.jpg,1708.0,958.0,Stage3,621.0,181.0,1146.0,533.0
stage3-3-_png.rf.4e7c6e8ed5365a97c0351b172ed63841.jpg,640.0,480.0,Stage3,164.0,150.0,344.0,288.0
stage3-40-_jpg.rf.69d3f6edca22d6af5fd46a0ff7ae25ba.jpg,640.0,480.0,Stage3,227.0,132.0,404.0,254.0
iris-stage-3-99-_png.rf.d561991a552c4d2c50a7b9cbdc770a28.jpg,1708.0,958.0,Stage3,271.0,236.0,713.0,560.0
stage3-22-_png.rf.257a61577078c3d0618b39a10e372fa6.jpg,640.0,480.0,Stage3,176.0,130.0,391.0,305.0
iris-stage-3-85-_png.rf.9d8d1e956844bf26ad75767a24d65ac0.jpg,1708.0,958.0,Stage3,420.0,273.0,1243.0,771.0
iris-stage-3-72-_png.rf.917f0a7c47c2c76aebcfe14f48add71a.jpg,1708.0,958.0,Stage3,570.0,194.0,1136.0,474.0
iris-stage-3-34-_png.rf.f448d292351b19bfd5b9add7ccefde30.jpg,1708.0,958.0,Stage3,261.0,220.0,833.0,517.0
iris-stage-3-55-_png.rf.f365d7148158385efac6882bf69a9210.jpg,1708.0,958.0,Stage3,271.0,167.0,843.0,673.0
iris-stage-3-3-_png.rf.ea33c6164d0d75c86b64c414e815543c.jpg,1502.0,934.0,Stage3,353.0,200.0,863.0,513.0
iris-stage-3-22-_png.rf.7f0dc0899c21ff0af61d92fff41e2255.jpg,1708.0,958.0,Stage3,496.0,147.0,1076.0,476.0
iris-stage-3-79-_png.rf.1bd02e8361d0715c36de6e0ea7e9a261.jpg,1708.0,958.0,Stage3,590.0,271.0,996.0,547.0
iris-stage-3-15-_png.rf.7f7f72aee418b03da4ec5d31adfab361.jpg,1708.0,958.0,Stage3,487.0,197.0,984.0,569.0
iris-stage-3-49-_png.rf.15222e7a0bada847c3740cbaf2dd6b88.jpg,1708.0,958.0,Stage3,656.0,236.0,1167.0,577.0
iris-stage-3-30-_png.rf.c6c29f4a91971b25aece0c728e5b291e.jpg,1708.0,958.0,Stage3,567.0,239.0,1101.0,514.0
iris-stage-3-68-_png.rf.a134efb09f693ae740cdf9cf4e5b6bcb.jpg,1708.0,958.0,Stage3,293.0,287.0,706.0,550.0
iris-stage-3-20-_png.rf.89ff1da59e7529783bfbe981ebae3518.jpg,1708.0,958.0,Stage3,251.0,166.0,726.0,471.0
iris-stage-3-70-_png.rf.8dafedb3d36422225370a950b510abfe.jpg,1708.0,958.0,Stage3,251.0,181.0,810.0,451.0
stage3-2-_png.rf.a98d12b7fd115c6d34b11fe6043af478.jpg,640.0,480.0,Stage3,164.0,145.0,333.0,281.0
iris-stage-3-61-_png.rf.8e2f10a424145bbc59b8c07794c4d82f.jpg,1708.0,958.0,Stage3,546.0,230.0,1197.0,711.0
iris-stage-3-26-_png.rf.3e5832f082180905b5302e311c4f69ca.jpg,1708.0,958.0,Stage3,483.0,241.0,1159.0,571.0
iris-stage-3-80-_png.rf.181398f9a5b03c1173772ad3a551be8a.jpg,1708.0,958.0,Stage3,686.0,179.0,1203.0,630.0
iris-stage-3-45-_png.rf.e9167bf5af4893a92990077f156e02a9.jpg,1708.0,958.0,Stage3,397.0,209.0,1043.0,594.0
stage4-50-_png.rf.06de89145d06b71b876333ea3f630ff4.jpg,640.0,480.0,Stage4,193.0,151.0,404.0,306.0
stage4-6-_png.rf.08b4da72fb4346f997bd273c728adb85.jpg,640.0,480.0,Stage4,191.0,174.0,466.0,323.0
iris-stage-4-58-_png.rf.0b2367d63ac4faafcbaca7dc10bc07e0.jpg,1708.0,958.0,Stage4,261.0,207.0,789.0,574.0
iris-stage-4-77-_png.rf.0c9d4e42bef9cada3d91c973f6755822.jpg,1708.0,958.0,Stage4,574.0,171.0,1214.0,501.0
stage4-33-_png.rf.0842cc21e2750ca16fb1626838b3c519.jpg,640.0,480.0,Stage4,196.0,113.0,430.0,308.0
stage4-5-_jpg.rf.0adc5d31396b140cb1ff3cf229510814.jpg,640.0,480.0,Stage4,186.0,154.0,433.0,294.0
iris-stage-4-8-_png.rf.24ff3ad495b77cb0552a73607ab05389.jpg,1708.0,958.0,Stage4,533.0,206.0,1133.0,760.0
stage4-36-_png.rf.0f0600f73e1c66ca35e5422fa9af6a1f.jpg,640.0,480.0,Stage4,201.0,149.0,404.0,285.0
stage4-47-_png.rf.178dc5bedf7b05c27d47b877c8c7dcee.jpg,640.0,480.0,Stage4,185.0,161.0,419.0,317.0
iris-stage-4-6-_png.rf.12e69381bc8a093821818523e0229fc8.jpg,1708.0,958.0,Stage4,451.0,206.0,1177.0,610.0
stage4-4-_jpg.rf.13b7c7a88a080fb06cc5b50b500dacea.jpg,1024.0,768.0,Stage4,212.0,227.0,812.0,524.0
iris-stage-4-96-_png.rf.1ab1d493717ae4ced93e1ce37562b3e8.jpg,1708.0,958.0,Stage4,486.0,304.0,1000.0,737.0
iris-stage-4-41-_png.rf.065c9d9671714140f92afe299e1057d8.jpg,1708.0,958.0,Stage4,364.0,239.0,1049.0,671.0
stage4-32-_png.rf.0ed5270246a27ea8ade58b05595aa934.jpg,640.0,480.0,Stage4,201.0,118.0,430.0,313.0
iris-stage-4-84-_png.rf.2e61dccce634d911743a85aa86bcba79.jpg,1708.0,958.0,Stage4,564.0,234.0,957.0,670.0
stage4-39-_png.rf.0fd53e71bc0f4e8a0ec4d91b6e7b9598.jpg,1290.0,956.0,Stage4,279.0,276.0,823.0,613.0
stage4-24-_png.rf.1966ce5f29c93d95d69a485f3e6d04c3.jpg,640.0,480.0,Stage4,173.0,148.0,421.0,339.0
iris-stage-4-56-_png.rf.1ab3873c2c6fe4d753b60f9b04066b8b.jpg,1708.0,958.0,Stage4,523.0,221.0,1244.0,640.0
iris-stage-4-15-_png.rf.14718375c1a7e89d326bd540d64463d4.jpg,1708.0,958.0,Stage4,256.0,220.0,841.0,677.0
stage4-13-_jpg.rf.20fb1ef44cc8ae30407b4b36c99e2af3.jpg,640.0,480.0,Stage4,186.0,139.0,404.0,264.0
iris-stage-4-83-_png.rf.2e8dad72badb4873b1cf573ab8e9569e.jpg,1708.0,958.0,Stage4,507.0,189.0,1117.0,503.0
iris-stage-4-93-_png.rf.2f904979deb3b30dc4d6b2c088f959b7.jpg,1708.0,958.0,Stage4,649.0,194.0,1021.0,530.0
stage4-18-_jpg.rf.02f9daed01f22fe9a32759a9cdf33047.jpg,640.0,480.0,Stage4,179.0,164.0,393.0,321.0
iris-stage-4-13-_png.rf.2de43a5fff96967c7e39ef1c9de08289.jpg,1708.0,958.0,Stage4,423.0,204.0,1189.0,750.0
iris-stage-4-46-_png.rf.2a863064852065d34321dee23f393b55.jpg,1708.0,958.0,Stage4,420.0,171.0,1129.0,730.0
iris-stage-4-98-_png.rf.3076692ef150991a232a11d84af94dd7.jpg,1708.0,958.0,Stage4,451.0,177.0,1083.0,669.0
iris-stage-4-100-_png.rf.37cfe39b074d8db2f12d0eb5cc93c184.jpg,1708.0,958.0,Stage4,291.0,196.0,789.0,700.0
stage4-35-_png.rf.41f7a7691ae32a932b089e2d3b51d74e.jpg,1290.0,956.0,Stage4,307.0,230.0,864.0,583.0
iris-stage-4-16-_png.rf.404a29acadb6a7c616bb9773b0523abc.jpg,1708.0,958.0,Stage4,630.0,229.0,1077.0,609.0
iris-stage-4-44-_png.rf.404ec517d53c15647976d0485ab6ecc5.jpg,1708.0,958.0,Stage4,853.0,213.0,1440.0,633.0
iris-stage-4-2-_png.rf.398cc4ebcd1700852e0355ea7c0b1a29.jpg,1708.0,958.0,Stage4,644.0,201.0,1069.0,553.0
iris-stage-4-45-_png.rf.38cce9abfb52b535316c742bf86ea2d7.jpg,1708.0,958.0,Stage4,251.0,167.0,841.0,677.0
iris-stage-4-26-_png.rf.512a20b38b4d6582c041569690ea85ca.jpg,1708.0,958.0,Stage4,959.0,176.0,1393.0,494.0
iris-stage-4-54-_png.rf.410ab1c32128297eaafea3d14fd22c56.jpg,1708.0,958.0,Stage4,494.0,204.0,1207.0,609.0
iris-stage-4-35-_png.rf.49c13bc1b98a45422d53f4e4aa26bd7d.jpg,1708.0,958.0,Stage4,289.0,186.0,837.0,626.0
iris-stage-4-40-_png.rf.331206202571c52b675714ba70e785a8.jpg,1708.0,958.0,Stage4,367.0,184.0,1051.0,623.0
iris-stage-4-9-_png.rf.4dc32810b0497f20efa9fd8d5c59c09e.jpg,1708.0,958.0,Stage4,567.0,201.0,1163.0,736.0
iris-stage-4-89-_png.rf.5252d9058f29f440f094c50bc08ddeb4.jpg,1708.0,958.0,Stage4,409.0,171.0,1101.0,684.0
stage4-3-_jpg.rf.4aa042d0032924bd25662bf0ff93c6d5.jpg,640.0,480.0,Stage4,178.0,161.0,471.0,314.0
iris-stage-4-11-_png.rf.5ee74e529d9c09d094be8b7c30e90a44.jpg,1708.0,958.0,Stage4,270.0,193.0,840.0,583.0
iris-stage-4-86-_png.rf.4da12a0143cb88f6c89b4874066ee2cd.jpg,1708.0,958.0,Stage4,383.0,271.0,1160.0,747.0
stage4-27-_png.rf.38d90908f1c387bb1b5ce4123fc6ff7c.jpg,640.0,480.0,Stage4,166.0,152.0,426.0,359.0
stage4-12-_png.rf.3a8c52755f7de008c9259b46261fe5c2.jpg,640.0,480.0,Stage4,174.0,120.0,429.0,267.0
stage4-13-_png.rf.5fc58448bc1506579a2d3a3b90701694.jpg,640.0,480.0,Stage4,191.0,121.0,409.0,264.0
stage4-11-_png.rf.60437d6446536c222a1f151e8c5d3701.jpg,640.0,480.0,Stage4,179.0,121.0,429.0,266.0
stage4-2-_png.rf.42783f596622e28bfb02cf05e757f2d5.jpg,640.0,480.0,Stage4,170.0,130.0,471.0,318.0
iris-stage-4-20-_png.rf.46eeb30836d75d604ece51b0319acd0c.jpg,1708.0,958.0,Stage4,380.0,154.0,779.0,409.0
stage4-28-_png.rf.581445aecbb0dbab198b58c3687373cf.jpg,640.0,480.0,Stage4,175.0,147.0,422.0,351.0
stage4-11-_jpg.rf.5fb0988cb6716ff80e4f0897d8702d24.jpg,640.0,480.0,Stage4,196.0,132.0,441.0,334.0
iris-stage-4-42-_png.rf.433d27350635460584f192e1ec7ef693.jpg,1708.0,958.0,Stage4,484.0,186.0,1149.0,629.0
iris-stage-4-97-_png.rf.6297a0eba198bf73531af29b020201bd.jpg,1708.0,958.0,Stage4,436.0,184.0,1054.0,677.0
stage4-5-_png.rf.60705692599f7a5acfe73dd26b7e4661.jpg,640.0,480.0,Stage4,257.0,131.0,492.0,312.0
stage4-18-_png.rf.621e6e30a6c1bd6d86fd62f082f066f5.jpg,640.0,480.0,Stage4,226.0,131.0,455.0,267.0
stage4-23-_png.rf.6fd1e2b6580e118115c4fe9a08e691ae.jpg,1290.0,956.0,Stage4,280.0,253.0,864.0,676.0
stage4-37-_png.rf.7b30a8563408cf5636b1b9c1410f0553.jpg,640.0,480.0,Stage4,199.0,146.0,395.0,281.0
iris-stage-4-23-_png.rf.506500ae7a8c0eb0088d617ea31a9bcc.jpg,1708.0,958.0,Stage4,561.0,209.0,1199.0,746.0
iris-stage-4-49-_png.rf.7ba193af38835c685da94130accbd1e3.jpg,1708.0,958.0,Stage4,441.0,160.0,1244.0,601.0
stage4-48-_png.rf.4fdb1b5618596eed1694023987f5efdd.jpg,1290.0,956.0,Stage4,314.0,276.0,883.0,671.0
stage4-21-_png.rf.7344879e3d50037ea53a4afc98e3ba56.jpg,1290.0,956.0,Stage4,277.0,263.0,843.0,664.0
iris-stage-4-28-_png.rf.7bcc12d883ba03b95a4af87f7084340b.jpg,1708.0,958.0,Stage4,504.0,239.0,1186.0,687.0
stage4-31-_png.rf.6f36e670bf9b285045da99c9d5cd739c.jpg,640.0,480.0,Stage4,201.0,113.0,434.0,314.0
iris-stage-4-33-_png.rf.7403ea57490909ff5590b008b7408f17.jpg,1708.0,958.0,Stage4,634.0,200.0,1196.0,610.0
iris-stage-4-17-_png.rf.7f5f0df71afa923baadd36d4c31d1a5b.jpg,1708.0,958.0,Stage4,494.0,201.0,997.0,606.0
stage4-16-_jpg.rf.7a6a0ceb564021a46eadc0efd8a70ced.jpg,640.0,480.0,Stage4,209.0,126.0,379.0,258.0
stage4-7-_jpg.rf.8720469376ce97b71c3554b209b314c2.jpg,640.0,480.0,Stage4,203.0,124.0,425.0,276.0
stage4-25-_png.rf.75e4f0ae8643b496fe6313a6f10e2aa6.jpg,640.0,480.0,Stage4,168.0,156.0,419.0,356.0
iris-stage-4-34-_png.rf.85620f9879e43ad7df3a00c21cb47fb1.jpg,1708.0,958.0,Stage4,571.0,213.0,1117.0,636.0
iris-stage-4-51-_png.rf.6f4f16d7b38297b276d8a34b3c327b12.jpg,1708.0,958.0,Stage4,256.0,193.0,846.0,613.0
stage4-54-_png.rf.8a75878fbf53e4b939d1654e7f6f6de9.jpg,1290.0,956.0,Stage4,281.0,253.0,914.0,640.0
iris-stage-4-59-_png.rf.725124956286a48e2baf3e31d8107461.jpg,1708.0,958.0,Stage4,589.0,214.0,1186.0,570.0
stage4-10-_jpg.rf.7388d978da1dd17f141c992cb86ec689.jpg,1024.0,768.0,Stage4,197.0,190.0,656.0,511.0
stage4-51-_png.rf.7cf93803970df1ca72b52869defa38f0.jpg,1290.0,956.0,Stage4,331.0,239.0,891.0,629.0
iris-stage-4-22-_png.rf.78cc58366b9791e973494f28a204b8d5.jpg,1708.0,958.0,Stage4,477.0,230.0,1117.0,697.0
iris-stage-4-99-_png.rf.8b7bc90584a03b32540bd1a4536ffa3b.jpg,1708.0,958.0,Stage4,474.0,174.0,1090.0,681.0
stage4-17-_jpg.rf.6bf8f1f089394a242090c505232293c3.jpg,640.0,480.0,Stage4,169.0,147.0,389.0,299.0
iris-stage-4-1-_png.rf.6905197102f8fe1f0e88cbd5d6d1d38d.jpg,1708.0,958.0,Stage4,579.0,191.0,1057.0,589.0
iris-stage-4-12-_png.rf.8b7e5bfa50f5741f7374cd86ac2b6c6e.jpg,1708.0,958.0,Stage4,419.0,193.0,1209.0,820.0
iris-stage-4-90-_png.rf.8ebc1a8fb8987cb38b644f2f4d184089.jpg,1708.0,958.0,Stage4,540.0,224.0,1037.0,601.0
stage4-4-_png.rf.9469259a24aab38e5ed281aa8a8e8f03.jpg,640.0,480.0,Stage4,246.0,132.0,485.0,304.0
iris-stage-4-32-_png.rf.8de91acb759ab8b6bc84067bbab894e6.jpg,1708.0,958.0,Stage4,569.0,239.0,961.0,559.0
stage4-14-_jpg.rf.8c973ec9273e8839ad521785b4a6a92b.jpg,640.0,480.0,Stage4,196.0,171.0,381.0,296.0
iris-stage-4-25-_png.rf.a842925e183a18e235027e80bf7a7261.jpg,1708.0,958.0,Stage4,527.0,180.0,1181.0,564.0
iris-stage-4-57-_png.rf.8acb666b278dbcf5e96594d57775aa97.jpg,1708.0,958.0,Stage4,529.0,257.0,1171.0,631.0
stage4-30-_png.rf.a67448efb012e33f64cf059e4888f12c.jpg,640.0,480.0,Stage4,203.0,111.0,431.0,299.0
iris-stage-4-10-_png.rf.aabbbe4f3b69afdc4254173b51434d81.jpg,1708.0,958.0,Stage4,259.0,226.0,736.0,583.0
iris-stage-4-95-_png.rf.94bafb12220573f0bb05a455a06f6aa7.jpg,1708.0,958.0,Stage4,363.0,233.0,1120.0,734.0
iris-stage-4-70-_png.rf.a3695f1f6c54958e7f953151a1e0558c.jpg,1708.0,958.0,Stage4,857.0,214.0,1441.0,634.0
stage4-15-_jpg.rf.a1c4e5dc1928ec4137188ba55d59f287.jpg,640.0,480.0,Stage4,184.0,157.0,406.0,311.0
stage4-6-_jpg.rf.9ec209519f8d1bc47eef5c045494759d.jpg,640.0,480.0,Stage4,134.0,133.0,485.0,350.0
stage4-16-_png.rf.a05f2ccbb9cbca680c8bde94d49082d3.jpg,640.0,480.0,Stage4,227.0,158.0,443.0,289.0
stage4-45-_png.rf.adc67ff42205e987ca7ffee5a25d1666.jpg,640.0,480.0,Stage4,168.0,159.0,410.0,309.0
iris-stage-4-72-_png.rf.ac52fd353288121bb88a575eebc6bb90.jpg,1708.0,958.0,Stage4,260.0,240.0,847.0,617.0
stage4-1-_jpg.rf.a744a83f96d85dd11a5f639289b1e078.jpg,640.0,480.0,Stage4,171.0,133.0,463.0,315.0
stage4-12-_jpg.rf.98d8ae0326650d7b6f9bdb16f6cd537f.jpg,640.0,480.0,Stage4,211.0,120.0,464.0,311.0
stage4-22-_png.rf.ac7e71ce109ef22a184e0deee96c5200.jpg,1290.0,956.0,Stage4,284.0,256.0,877.0,684.0
iris-stage-4-55-_png.rf.ad3c30bb4f07ffb3a75b9eb14daa12a3.jpg,1708.0,958.0,Stage4,494.0,211.0,1207.0,607.0
iris-stage-4-101-_png.rf.a478cfa208538ded83bb54df098323c6.jpg,1708.0,958.0,Stage4,591.0,174.0,1190.0,579.0
iris-stage-4-80-_png.rf.af38b60607daaeff81d2d665351393b4.jpg,1708.0,958.0,Stage4,554.0,243.0,1191.0,703.0
iris-stage-4-75-_png.rf.a80cb8a9a22d3f7d62474fbd13fa46df.jpg,1708.0,958.0,Stage4,523.0,261.0,1103.0,660.0
iris-stage-4-30-_png.rf.aba6e4d541525aeb7c93581961c96fb6.jpg,1708.0,958.0,Stage4,613.0,181.0,1046.0,523.0
stage4-53-_png.rf.9d1d1c829e7add2bb0b16dd9f0911283.jpg,1290.0,956.0,Stage4,303.0,251.0,856.0,644.0
stage4-40-_png.rf.b1bd56ddf357f9a18a33e9236c9c6cf6.jpg,1290.0,956.0,Stage4,296.0,279.0,784.0,607.0
iris-stage-4-38-_png.rf.afaf2571cc7450d09db5096790a460d4.jpg,1708.0,958.0,Stage4,574.0,221.0,1229.0,584.0
stage4-29-_png.rf.b60a2f2e7330f70a37e171060b48ae10.jpg,640.0,480.0,Stage4,174.0,148.0,421.0,355.0
stage4-19-_png.rf.b20543e2a4ed711b3f8d98dad4d9bafb.jpg,640.0,480.0,Stage4,238.0,129.0,453.0,269.0
stage4-26-_png.rf.b91cfea763294b8f2d6943547db3a07a.jpg,640.0,480.0,Stage4,159.0,146.0,426.0,347.0
stage4-1-_png.rf.b7e0afa2722fb951b1c5f6607be36b8d.jpg,640.0,480.0,Stage4,171.0,131.0,474.0,341.0
iris-stage-4-73-_png.rf.b7bbcb08951730d0569814c8984798f6.jpg,1708.0,958.0,Stage4,504.0,273.0,1139.0,673.0
iris-stage-4-19-_png.rf.b95925b7e12073cd490ae660ea57139c.jpg,1708.0,958.0,Stage4,464.0,229.0,1230.0,737.0
stage4-38-_png.rf.a2ea34558df28e6cb51d0694e8052cc9.jpg,640.0,480.0,Stage4,202.0,164.0,406.0,296.0
iris-stage-4-91-_png.rf.bc0b4ca28ff42af785f9cf1df5e68cd3.jpg,1708.0,958.0,Stage4,571.0,230.0,1021.0,591.0
stage4-10-_png.rf.bcb897708a73d720251c26c324c12309.jpg,640.0,480.0,Stage4,189.0,174.0,464.0,315.0
iris-stage-4-71-_png.rf.9c40c94472c03ff6d236d266de90f3f5.jpg,1708.0,958.0,Stage4,550.0,213.0,1016.0,634.0
stage4-34-_png.rf.ae282e1a8c390d35572fdb0824db6349.jpg,1290.0,956.0,Stage4,344.0,227.0,847.0,580.0
iris-stage-4-81-_png.rf.bb3ff6b55791247d738bcb8814a2ff47.jpg,1708.0,958.0,Stage4,517.0,171.0,1177.0,553.0
iris-stage-4-88-_png.rf.bbddee9df629a3792079ed129ca52b3a.jpg,1708.0,958.0,Stage4,497.0,236.0,1263.0,733.0
iris-stage-4-27-_png.rf.c863767db255698d6066f88888b137f6.jpg,1708.0,958.0,Stage4,576.0,220.0,1150.0,680.0
stage4-42-_png.rf.bd6f894bb72adb0af9da721954270f90.jpg,640.0,480.0,Stage4,169.0,147.0,406.0,297.0
stage4-49-_png.rf.bfdd2dc2fbda32e14e64eea122305268.jpg,640.0,480.0,Stage4,198.0,155.0,411.0,304.0
stage4-41-_png.rf.bd2b4332c251990f0d24b117f965eb9d.jpg,1290.0,956.0,Stage4,290.0,271.0,781.0,603.0
iris-stage-4-14-_png.rf.b2d75f7fe5e4612803649774c4103f5e.jpg,1708.0,958.0,Stage4,610.0,181.0,1087.0,547.0
iris-stage-4-92-_png.rf.cda6c310430004fcce6f5501b9b2c9f6.jpg,1708.0,958.0,Stage4,614.0,187.0,1087.0,596.0
iris-stage-4-94-_png.rf.c8ef75e3a1ee269fd9ac930cd6b16e04.jpg,1708.0,958.0,Stage4,336.0,167.0,727.0,494.0
iris-stage-4-82-_png.rf.cdbea902a946ca1360470aa22d68b2c7.jpg,1708.0,958.0,Stage4,889.0,166.0,1444.0,537.0
iris-stage-4-29-_png.rf.b9d18eb10e815bcea8d25b472d6da8e1.jpg,1708.0,958.0,Stage4,660.0,197.0,1207.0,616.0
stage4-7-_png.rf.ce9337df6d824be338e301bba9242b40.jpg,640.0,480.0,Stage4,189.0,170.0,480.0,312.0
iris-stage-4-36-_png.rf.cad8316a1ebc74ed485333df8297499d.jpg,1708.0,958.0,Stage4,570.0,199.0,1113.0,611.0
stage4-2-_jpg.rf.c67c59bfbb09772b4df8154a8a15770c.jpg,640.0,480.0,Stage4,219.0,139.0,453.0,279.0
iris-stage-4-39-_png.rf.ceb2e8b1d18aa4c7d11423001d888bdb.jpg,1708.0,958.0,Stage4,547.0,241.0,1167.0,656.0
stage4-14-_png.rf.c86bb8a60823642228bd50024b59572a.jpg,640.0,480.0,Stage4,197.0,119.0,419.0,265.0
iris-stage-4-18-_png.rf.d33f53fd2b038b00e99cf6595e499abe.jpg,1708.0,958.0,Stage4,429.0,201.0,1183.0,684.0
iris-stage-4-47-_png.rf.cd8439008218f838c455063f75dbe3dc.jpg,1708.0,958.0,Stage4,420.0,179.0,1123.0,767.0
iris-stage-4-64-_png.rf.d6662a792d601c2f5569c3f5e341c7b8.jpg,1708.0,958.0,Stage4,479.0,207.0,1157.0,699.0
iris-stage-4-7-_png.rf.de75241d2e85beb4f24ba729a2199a26.jpg,1708.0,958.0,Stage4,531.0,200.0,1133.0,744.0
stage4-52-_png.rf.e3de803a5987ef9e1522681cec44ca74.jpg,640.0,480.0,Stage4,193.0,156.0,391.0,299.0
stage4-3-_png.rf.decd88fd6f0ef8c912759d50623cae15.jpg,640.0,480.0,Stage4,169.0,129.0,441.0,340.0
stage4-9-_jpg.rf.daf07802e41002e1fa041947a233feb6.jpg,1024.0,768.0,Stage4,270.0,188.0,729.0,467.0
stage4-8-_png.rf.d7e66a947e1f75962a950feb6bfba919.jpg,640.0,480.0,Stage4,181.0,166.0,486.0,301.0
iris-stage-4-53-_png.rf.d2523c6f8cf7ee921ba01b969b349841.jpg,1708.0,958.0,Stage4,471.0,160.0,1180.0,544.0
iris-stage-4-37-_png.rf.e9ab44ee8945c408e40e8415292a3608.jpg,1708.0,958.0,Stage4,610.0,186.0,1146.0,610.0
iris-stage-4-3-_png.rf.e6e9f99e9abfb4f3b9c8df7d97e73f23.jpg,1708.0,958.0,Stage4,373.0,219.0,881.0,757.0
iris-stage-4-43-_png.rf.e0a84e61f364438de44519ea1055b3c6.jpg,1708.0,958.0,Stage4,487.0,197.0,1164.0,626.0
iris-stage-4-60-_png.rf.ef87a7fbb2cd2b54b78d38624cb72731.jpg,1708.0,958.0,Stage4,590.0,219.0,1121.0,577.0
iris-stage-4-67-_png.rf.ea342b012c6228eb367555a1851d759f.jpg,1708.0,958.0,Stage4,473.0,194.0,1150.0,630.0
iris-stage-4-87-_png.rf.ccf24e84463f2f402254be8936c1e4e4.jpg,1708.0,958.0,Stage4,496.0,243.0,1223.0,726.0
iris-stage-4-62-_png.rf.d59df5adeccb66fdfba3366f42f1b6ac.jpg,1708.0,958.0,Stage4,597.0,211.0,1126.0,614.0
iris-stage-4-74-_png.rf.e7398e37a2c150b48235faa1d45c4fda.jpg,1708.0,958.0,Stage4,481.0,256.0,1160.0,700.0
stage4-8-_jpg.rf.be2ff164ab3d5b5ce285f4e6d029ed76.jpg,640.0,480.0,Stage4,201.0,153.0,416.0,305.0
stage4-15-_png.rf.f6bdb8e739e49127e55cdbfe7c2404c2.jpg,1290.0,956.0,Stage4,366.0,237.0,964.0,590.0
stage4-20-_png.rf.e7ea5feea4c96ea349d0f60df01336c8.jpg,640.0,480.0,Stage4,198.0,132.0,450.0,274.0
iris-stage-4-63-_png.rf.e96be4074488153dacd20576b4ac9fa9.jpg,1708.0,958.0,Stage4,600.0,196.0,1110.0,607.0
iris-stage-4-78-_png.rf.f9f3dcce5e98e5e8af5e2e3b13494813.jpg,1708.0,958.0,Stage4,487.0,199.0,1083.0,610.0
iris-stage-4-5-_png.rf.fa9fee58faf34bd04249c576a739d5a8.jpg,1708.0,958.0,Stage4,947.0,236.0,1313.0,580.0
iris-stage-4-50-_png.rf.fbb707475c7cb337d8fce14adcef9fd9.jpg,1708.0,958.0,Stage4,417.0,159.0,1243.0,630.0
iris-stage-4-79-_png.rf.eb7f8880f5e520e24d1339b5bf701381.jpg,1708.0,958.0,Stage4,603.0,227.0,1176.0,621.0
iris-stage-4-52-_png.rf.fa6432f8c0612fb9ad3dd4e3690bd4d4.jpg,1708.0,958.0,Stage4,484.0,209.0,1167.0,777.0
stage4-44-_png.rf.fff30c87ba82418b73712d3205ebd323.jpg,1290.0,956.0,Stage4,217.0,230.0,830.0,606.0
iris-stage-4-76-_png.rf.ef71603c30a08243a7e5d61eea1c5532.jpg,1708.0,958.0,Stage4,254.0,174.0,826.0,533.0
iris-stage-4-4-_png.rf.ed544ee5249d878db07fe45947534101.jpg,1708.0,958.0,Stage4,629.0,233.0,1126.0,629.0
iris-stage-4-48-_png.rf.ff3e76715106253563ab7f1115bef34a.jpg,1708.0,958.0,Stage4,437.0,156.0,1251.0,607.0
iris-stage-4-31-_png.rf.ecf9d7831030859a905fde0b9d530448.jpg,1708.0,958.0,Stage4,356.0,187.0,754.0,491.0
iris-stage-4-85-_png.rf.fc1e9dd1d2b300bf959bf108dcd431b9.jpg,1708.0,958.0,Stage4,519.0,180.0,1180.0,596.0
stage4-17-_png.rf.f91c9d1dbb6da39f60a0179aa02b7a4a.jpg,1290.0,956.0,Stage4,379.0,231.0,949.0,590.0
iris-stage-4-24-_png.rf.f5dd7f267777152dce519853abaf41ed.jpg,1708.0,958.0,Stage4,251.0,187.0,840.0,571.0
